evalNo,evalNm,maxDigDepth,proStage,no
E10000000003,북오송 S/S 배전인출 전력구공사 사후 지하안전영향조사 ,21.75,진행중,1
E00084000003,"청주지역 전기공급시설 관로공사(1-1차, 목련로구간)",22.00,작성중,2
E00226000010,"동구 신천동 327-3,4 근린생활시설 및 오피스텔 신축공사",28.35,진행중,3
E00038000079,평택 고덕지구 11-1-1BL 복합시설 신축공사 사후지하안전영향조사,25.90,진행중,4
E00038000080,광진구 화양동 111-85번지 일원 오피스텔 신축공사 사후지하안전영향조사,27.40,작성중,5
E00216000001,내부순환(만덕-센텀)도시고속화도로 민간투자사업 사후지하안전영향조사,22.90,진행중,6
E00248000001,중랑구 묵동 역세권 청년주택 신축공사,25.50,승인완료,7
E00002000025,구로동 103-9 복합빌딩 사후지하안전영향조사,28.00,진행중,8
E00093000010,성남글로벌 ICT융합 플래닛 건립공사 사후지하안전영향조사 용역,21.66,진행중,9
E00035000028,대구 달성군 현풍면 중리 오피스텔 신축공사 사후지하안전영향조사 용역,24.30,진행중,10
E00038000082,수도권광역급행철도A노선 민간투자사업 사후지하안전영향조사,0.00,진행중,11
E00032000002,울산미포국가산단(석유화학단지) 완충저류시설 설치사업 사후지하안전영향조사 용역,27.37,진행중,12
E00032000003,온산 덕신 근린공원 진입도로 개설공사 사후지하안전영향조사 용역,10.66,진행중,13
E00219000001,2019년 파주지사 열수송관공사 사후지하안전영향조사,9.80,진행중,14
E00190000024,대구광역시 중구 삼덕동2가 빌리브 프리미어 주상복합 신축공사,20.85,진행중,15
E00200000027,영종도 하늘도시 B10-1-1BL 오피스텔 사후지하안전영향조사 용역,24.56,작성중,16
E00078000002,사후지하안전영향조사 용역(동서울~미금T/L 등 2개 전력구) ,56.72,진행중,17
E00169000004,수원 팔달구 인계동 1125-1번지 일대 업무복합시설 신축공사,34.35,진행중,18
E00063000031,고양 향동지구 상업3-2블럭 복합시설 신축공사 사후지하안전영향조사용역,24.02,진행중,19
E00063000032,"고양 향동지구 상업4-1,2블럭 복합시설 신축공사 사후지하안전영향조사용역",2593.00,진행중,20
E00063000033,고양 향동지구 상업6-1블럭 복합시설 신축공사 사후지하안전영향조사용역,26.19,진행중,21
E00114000019,서울특별시 양천구 신정동 922-1외 제이클래스 목동 주상복합 신축사업 사후 지하안전영향조사 승계계약서,24.00,작성중,22
E00044000017,장충동 교육연구시설 신축공사 사후지하안전영향조사,38.21,진행중,23
E00105000018,이천 하이닉스 M16 비개착공동구 설치공사 사후지하안전영향조사,21.74,진행중,24
E00010000026,서울중앙지사 복합시설 개발사업 사후지하안전영향조사,26.62,작성중,25
E10082000002,천안지역 전기공급시설 전력구공사 사후지하안전영향조사용역,14.32,진행중,26
E00102000076,서초동 1339-7번지 청화오피스텔 신축공사,33.45,진행중,27
E00044000020,마곡 크리스탈지노믹스 R&D센터 신축공사에 따른 사후지하안전영향조사 용역,28.68,진행중,28
E00044000023,여의도동 27-2 업무시설(서울회관 재건축) 사후지하안전영향조사,33.00,진행중,29
E00097000008,범어동 oo 주상복합 신축공사 사후지하안전영향조사 용역,24.00,진행중,30
E00099000020,Ex-Smart Center 신축공사 사후지하안전영향조사,24.80,진행중,31
E00052000012,2020년 화성지사 열수송관공사 사후지하안전영향조사,8.45,진행중,32
E00200000033,위례신도시 일상5 1-2블럭 오피스텔 사후지하안전영향평가용역,24.70,진행중,33
E00114000021,파주 운정지구 F5-2블럭 2-4 오피스텔 신축공사 중 사후지하안전영향조사서,28.15,진행중,34
E00039000009,서울시 금천구 가산동 554-2번지 지식산업센터 신축공사 사후지하안전영향조사,24.56,진행중,35
E10044000013,"안산시 성포동 593-4,5번지 사랑의 병원 증축공사",23.36,진행중,36
E00030000013,수원시 서둔동 자동차매매장 신축공사,23.66,진행중,37
E00102000085,용인 현성 더테라스 신축공사 사후지하안전영향조사,27.46,진행중,38
E10068000002,양산~사송연계 2단계 및 사송지구 내 열수송관공사 사후지하안전영향조사,7.60,진행중,39
E00017000038,당진대덕수청지구 상업시설 신축공사,24.33,진행중,40
E00203000047,고덕 국제화계획지구 업무시설용지 12-2-1BL 판매시설 및 근린생활시설 신축공사,22.28,진행중,41
E00102000090,동국제약 청담동 사옥 신축공사,21.09,진행중,42
E00130000009,도봉산~옥정 광역철도 건설공사 사후지하안전영향조사,52.02,진행중,43
E00226000015,뉴 센트럴 두산 위브 더제니스 아파트,20.70,진행중,44
E00004000014,"전주에코시티1,2블럭 주상복합 신축공사 사후지하안전영향조사 용역",26.06,진행중,45
E00038000087,장교구역 12지구 도시환경정비사업 사후지하안전영향조사서,27.40,진행중,46
E00038000088,2019년 중앙지사 열수송관공사 사후지하안전영향조사,10.60,진행중,47
E10044000016,수원시 광교지구 IM CENTER 신축공사,26.30,진행중,48
E10086000005,강남구 논현동 6-1 업무시설 신축공사 사후지하안전영향조사서,22.59,진행중,49
E00038000090,동탄2신도시 업무 6-1블럭 복합시설 신축공사 사후지하안전영향조사,25.86,진행중,50
E00167000007,지하철 승강편의시설 사후지하안전영향 조사 용역(청량리역외1개역/4호선 동대문역사문화공원역 #4번출구),14.45,진행중,51
E00167000008,지하철 승강편의시설 사후지하안전영향 조사 용역(청량리역외1개역),14.13,진행중,52
E10089000001,광안동 종합병원 건립공사 사후지하안전영향조사용역,23.00,진행중,53
E00102000093,안양동 395-29 외 4필지 오피스텔 및 공동주택 신축공사,28.36,진행중,54
E00102000094,용산구 한남동 726-166 근생 및 업무시설 신축공사,27.56,진행중,55
E10044000017,아산 배방지구 근린 & 오피스텔 신축공사,26.56,진행중,56
E00080000034,"성동구도선동 101, 102번지 사후지하안전영향조사서",24.16,진행중,57
E00099000024,"도내동 972,973번지 복합시설 신축공사 사후지하안전영향조사",20.70,진행중,58
E00099000025,"도내동 974,975번지 복합시설 신축공사 사후지하안전영향조사",20.70,진행중,59
E10008000013,광양(I) 시설보강공사 사후지하안전영향조사,7.91,진행중,60
E00035000043,강릉시 내곡동 공동주택 신축공사 사후지하안전영향조사,43.01,진행중,61
E00102000097,신도림동 오피스텔 및 복합시설 신축공사,26.52,진행중,62
E10086000007,대구시 달서구 감삼동 599-51외 5필지 주거복합 신축공사 사후지하안전영향조사서,29.11,진행중,63
E00063000040,강남역 오피스 개발사업 사후지하안전영향조사 용역,30.67,진행중,64
E00225000004,"안성-평택지역 전기공급시설 전력구공사(고덕-서안성, 원암리) 사후지하안전영향 조사용역2차",62.63,진행중,65
E00116000022,논현동 도산대로 150 개발사업,30.07,진행중,66
E00130000011,진접선(4호선연장) 차량기지 건설사업 사후지하안전영향조사 용역,90.00,진행중,67
E00133000030,광명시 하안동 일반상업구역 C-3블럭 지식산업센터 신축공사,27.80,진행중,68
E00047000052,가산동 양지사부지(451-1번지) 지식산업센터 신축공사,25.81,진행중,69
E00047000053,가산동 양지사부지(452-1번지) 지식산업센터 신축공사,25.81,진행중,70
E00099000027,스타필드 수원 사후지하안전영향조사,38.47,진행중,71
E10008000014,고속국도 제400호선 김포-파주간 건설공사 제2공구 사후지하안전영향조사,46.56,진행중,72
E00038000094,"동탄2택지개발지구 문화복합 11-1,2,3,4(MC1) 신축공사",26.56,진행중,73
E00219000002,"평택 P3 PROJECT 터널공사(배관구, 2.6/4.0) 착공후지하안전조사",41.20,진행중,74
E00196000008,화성동탄(2)지구 일반상업용지 11블럭 복합시설 신축공사,36.00,진행중,75
E00239000005,대전 중구 선화동 106-1번지 주상복합 신축공사,24.25,진행중,76
E00196000009,화성동탄(2)지구 일반상업용지 12블럭 복합시설 신축공사,36.05,진행중,77
E00133000032,대구 삼덕동 주상복합 신축공사,26.65,진행중,78
E00039000013,만도 NEXT M 사후지하안전영향조사,23.48,진행중,79
E10011000003,"평택지역 전기공급시설 전력구공사(고덕-서안성, 브레인시티) 사후지하안전영향조사용역",63.53,진행중,80
E00010000032,양재동 오피스텔 신축공사 사후지하안전영향조사,28.26,진행중,81
E00056000012,"강남구 역삼동 653-4번지 지구단위계획 A1, A2BL 신축공사 사후지하안전영향조사(최초보고)",32.98,진행중,82
E00134000039,인천검단지구 AA14BL 공동주택 신축공사 중 사후 지하안전영향조사,25.77,진행중,83
E00133000035,다산신도시 진건지구 자족용지 3BL 지식산업센터 신축공사,26.00,진행중,84
E10008000015,등촌동 14-7 지식산업센터 신축공사 사후지하안전영향조사 수행,27.52,진행중,85
E10056000004,청양~부여 천연가스 공급시설 제2공구 건설공사 사후지하안전영향조사 용역,34.70,진행중,86
E00121000036,"청라국제도시 C4-1-5,6 복합시설 신축공사",33.04,진행중,87
E10091000002,잠실동 청년주택 신축공사 사후지하안전영향조사,29.41,진행중,88
E00139000021,업성호수타운 CGV 신축공사,26.50,진행중,89
E00102000103,시흥은계지구 상업2-2BL 오피스텔 신축공사,23.21,진행중,90
E00102000104,논현동 40-5번지 공공문화 복합청사 신축공사,27.81,진행중,91
E10007000010,오토렉스청라 중고차 수출 및 매매상사 신축공사,26.49,진행중,92
E00005000016,음성 성본산업단지 폐기물최종처리시설 조성사업 사후지하안전영향조사,38.48,진행중,93
E10083000005,대저1 자연재해위험개선지구 정비사업(신덕배수펌프장),13.30,진행중,94
E10085000005,은평 광역자원순환센터 건립사업 사후 지하안전영향조사 용역,26.38,진행중,95
E00133000037,성남고등지구 자족용지 지식산업센터 신축공사,20.83,진행중,96
E00121000037,인천검단지구 AA12-2BLOCK 공동주택용지 신축공사,30.51,진행중,97
E00121000039,다산지금지구 상2BL 다산지금디포레 신축공사,21.03,진행중,98
E00115000014,내곡동 소리박물관 신축공사 사후지하안전영향조사(최초),24.20,진행중,99
E10006000010,우동1513 생활형숙박시설 착공후지하안전조사,25.16,진행중,100
E00017000046,지하안전영향평가 재검토 및 사후평가 용역 파주 운정 오피스텔 개발사업,30.86,진행중,101
E10001000002,정자동 4-5번지 연구시설 신축공사 사후지하안전영향조사 용역,37.50,진행중,102
E00100000003,광주도시철도 2호선 1단계 건설공사 사후지하안전영향조사용역,36.81,진행중,103
E00038000096,동대문구 청량리동 오피스텔 및 공동주택 신축공사 사후지하안전영향조사 용역,33.62,진행중,104
E00106000031,강남지사 열수송망 성능 보강공사(2단계) 사후지하안전영향조사,7.72,진행중,105
E00088000019,부천 소사본동 주상복합 신축공사 사후 지하안전영향평가 용역,24.15,진행중,106
E00039000016,SW드림타운 건립공사 사후지하안전영향조사 용역,29.40,진행중,107
E00063000044,남양주시 다산지금 자족 2BL 지식산업센터 신축공사 사후지하안전영향조사용역,24.41,진행중,108
E00190000032,동탄~고덕 연계 열수공관공사 사후지하안전영향조사 보고서,13.30,진행중,109
E00072000006,서울시 광진구 화양동 오피스텔 신축공사 사후지하안전영향조사,24.46,진행중,110
E00066000063,남양주 도농공원 개발행위 특례사업 공동주택 신축공사,23.47,진행중,111
E00066000064,"안양시 만안구 안양동 627-30,32번지 업무복합시설 신축공사",31.24,진행중,112
E10076000001,울산역 복합환승센터 주변 기반시설 정비공사 사후지하안전영향조사 용역,19.16,진행중,113
E00052000013,부산항(북항) 재개발사업지 내 상업·업무지구 D-3블럭 개발사업 사후지하안전영향조사,29.76,진행중,114
E00121000041,"청라국제도시 GC2-2-2, 4BL(인천 청라동 209-2, 3번지) 오피스텔 신축공사",25.72,진행중,115
E00154000036,인천 검단신도시 C8-2-2 근린생활시설 및 오피스텔 신축공사,24.94,진행중,116
E00060000033,안양 Serviced Residence Hotel 복합개발사업,26.10,진행중,117
E00047000062,대구 동구 신암동 주상복합 신축공사,29.74,진행중,118
E00022000044,강남구 논현동 249-9번지 외 1필지 신축공사,26.26,진행중,119
E00043000028,세종시어진동 665 관공호텔 및 근린생활시설신축공사 중 터파기굴토관련 사후지하안전영향조사 용역,27.00,진행중,120
E10080000005,청주지역 전기공급시설 전력구공사(신청주분기) 사후지하안전영향조사 용역,66.00,진행중,121
E00017000048,고양시 원흥동 오피스텔 사후지하안전영향평가 용역,29.09,진행중,122
E00038000098,"판교 제2테크노밸리 E9-1,2 블록 신축공사 사후지하안전영향조사",22.31,진행중,123
E00017000049,음성-진천지역 전력구공사(광혜원-대소) 사후 지하안전영향조사 용역,34.67,진행중,124
E00141000024,서울 동남권지역 전기공급시설 전력구공사(동서울#2~강남 5차),21.89,진행중,125
E10099000001,대구 중구 태평로1가 주상복합 신축공사 사후 지하안전영향조사 용역,23.70,진행중,126
E00106000034,구리 갈매 자족1 지식산업센터 사후지하안전영향조사,26.67,진행중,127
E10092000002,하남 감일 벨솔레파크 신축공사 사후지하안전영향조사,29.41,진행중,128
E00042000036,인천 검단지구 C5-1-2 오피스텔 신축공사 사후지하안전영향조사,30.19,진행중,129
E00066000070,다산 지금지구 자족6BL 지식산업센터 신축공사,21.72,진행중,130
E00098000020,백운-광양항2차 사후지하안전영향조사 용역,15.10,진행중,131
E00023000053,양재역세권 2030 청년주택 신축공사 사후지하안전영향조사 용역,27.33,진행중,132
E10044000022,청주시 오창읍 복합시설 신축공사중 사후지하안전영향조사,24.79,진행중,133
E00098000021,대전 한신더휴 리저브 주상복합 신축공사,25.02,진행중,134
E10086000012,남원시 신정동 1차 공동주택 신축공사 사후지하안전영향조사,28.10,진행중,135
E00114000024,"경기도 수원기 팔달구 인계동 1035-5,6번지 근린복합시설 신축공사",28.40,진행중,136
E00165000008,P3-LINE 전력공동구 사후 지하안전영향평가 조사,27.70,진행중,137
E00143000026,판교 제2테크노밸리(D1-1) 오피스텔 신축공사 중 사후지하안전영향평가 용역,26.51,진행중,138
E10097000005,대구 태평로3가(달성공원역) 주상복합 신축공사 착공후지하안전조사,22.10,진행중,139
E00223000008,"안성-평택지역 전기공급시설 전력구공사(고덕-서안성, 산하리) 사후지하안전영향조사",43.12,진행중,140
E00210000022,대전 선화동 87-5번지 일원 주상복합 신축공사  사후지하안전영향조사,25.21,진행중,141
E00027000029,김포한강신도시 MS-11-3BL 복합시설 신축공사,23.70,진행중,142
E10104000003,경기도 안양시 호계동 949-9번지 일원 오피스텔 신축공사,21.46,진행중,143
E00164000018,노고산동 도시형생활주택 신축공사 사후지하안전영향조사 용역,31.97,진행중,144
E00223000009,연희 공공주택지구 사천 빗물펌프장 토공사 사후지하안전영향조사 용역,22.14,진행중,145
E00126000046,성수동1가13-17외 지식산업센터 신축공사,25.00,진행중,146
E10009000009,서귀포 중문관광단지 하수관로 정비사업,11.54,진행중,147
E00022000050,도곡동 공동주택 신축공사(강남구 도곡동 946-11 외 2필지),28.72,진행중,148
E00022000051,"용인테크노밸리(지원3-9,10)주상복합 신축공사",21.05,진행중,149
E00022000052,해운대 우동 548번지 주거복합시설 신축공사,29.27,진행중,150
E00022000054,경기도 하남시 감일동 151-2번지 하남감일지구 주상복합 신축공사,21.25,진행중,151
E00056000016,고양덕은 도시개발사업지구 업무복합시설 신축공사 사후지하안전영향조사,29.46,진행중,152
E00116000027,서초동 1445-1번지 오피스텔 신축공사,26.40,진행중,153
E00068000003,낭산 배전인출 전력구공사 사후지하안전영향조사 용역,21.07,진행중,154
E00066000077,대구광역시 만촌동 1040-14일원 주상복합 신축공사,24.65,진행중,155
E00022000059,청라국제도시 상업C-17-1-2블럭 오피스텔 신축공사,24.95,진행중,156
E00022000060,"금천구 가산동 60-26,60-40번지 지식산업센터 신축공사 중 착공후지하안전조사",28.20,진행중,157
E10109000001,아난티 캐비넷드 이터널저니 신축공사 ,36.56,진행중,158
E10109000002,KMH 사옥 신축공사 사후 지하안전영향조사 용역,29.37,진행중,159
E00134000045,서울 은평구 은평뉴타운 업무1BL 업무시설 신축공사 사후지하안전영향조사,22.80,진행중,160
E00190000039,구리갈매 자족유통 2BL 신축공사 사후지하안전영향평가 용역,25.30,진행중,161
E00003000008,345kV 신성남~동서울T/L 판교대장지구 지중화 공사 사후지하안전영향조사 용역,51.00,진행중,162
E00106000036,여주 천송동 주상복합시설 신축공사 사후지하안전영향조사,24.50,진행중,163
E10091000006,강원도 양양군 강현면 주청리 생활형 숙박시설 근린생활시설 신축공사 사후지하안전영향조사 용역,23.95,진행중,164
E00198000024,와동동 퍼스트클래스 오피스텔 신축공사 사후 지하안전영향평가,25.15,진행중,165
E00021000016,동탄2신도시 체육 1BL 복합시설 신축공사 (사후지하안전영향평가) ,21.70,진행중,166
E00106000037,양화로 복합시설 신축공사 사후지하안전영향 조사,34.13,진행중,167
E00115000019,서울 중구 황학동 1229번지 외 업무시설 및 근린생활시설 신축공사 사후지하안전영향조사,33.45,진행중,168
E00066000079,고덕비즈밸리 유통판매 1BL 복합시설 신축공사,32.52,진행중,169
E00210000023,현대모비스 의왕 기술연구동 신축공사 사후지하안전영향조사,26.50,진행중,170
E00044000040,몬트레아 한남 오피스텔 신축공사 사후 지하안전영향조사 용역,31.28,진행중,171
E00055000080,인천도시철도1호선 검단연장선 건설공사 사후지하안전영향조사용역,44.38,진행중,172
E00102000118,NC센터 사후 지하안전영향 평가용역,27.30,진행중,173
E00106000038,아산 모종동 562-1 주상복합 신축공사 사후지하안전영향조사,32.96,진행중,174
E00133000050,"고양 원흥지구 상업4-4,5블럭 오피스텔 신축공사",27.23,진행중,175
E00055000083,세운재정비 촉진지구 6-2-24구역 복합시설 신축공사 사후지하안전영향조사용역,29.86,진행중,176
E00062000028,전농동 620 오피스텔 신축공사 사후지하안전영향조사,21.41,진행중,177
E00022000063,이태원동 101-1번지 신축공사,21.61,진행중,178
E00020000023,"덕산~화명 비상연계 노후관 개량공사(6,7공구) 사후지하안전영향조사 용역",10.50,진행중,179
E10086000016,군산시 지곡동 공동주택 신축공사 사후지하안전영향조사,27.00,진행중,180
E00001000043,등촌동 629-1번지 지식산업센터 신축공사 / 사후지하안전영향조사,27.50,진행중,181
E00024000019,"과천지식정보타운 지식기반산업용지 7-1,2블럭 사후지하안전영향조사",25.22,진행중,182
E00243000050,종로구 숭인동 1424번지외 5필지 복합시설 신축에 따른 사후지하안전영향조사 용역,32.87,진행중,183
E00114000026,청라동 96-15번지 복합시설 신축공사에 따른 사후 지하안전영향조사 용역,28.51,진행중,184
E10063000026,고덕국제화지구 복합시설 신축공사 사후지하안전영향조사,21.67,진행중,185
E10091000007,"지축지구 업무 B1-4-1,2 사후지하안전영향조사 용역",22.98,진행중,186
E00083000027,해운대구 중동 1256-9번지 일원 오피스텔 신축공사 사후지하안전영향조사,27.00,진행중,187
E00066000085,"하남미사 자족 1-1, 2BL 지식산업센터 신축공사",22.35,진행중,188
E10051000007,남양주시 금곡동 687-16번지 일원 금곡 행복주택 신축공사,20.76,진행중,189
E00001000044,과천지식정보타운 지식 10BL - 사후지하안전영향조사,22.36,진행중,190
E10008000018,경기도 부천시 신중동역 복합시설 신축공사 사후지하안전영향조사,36.60,진행중,191
E00080000041,"여수 학동 75, 76-5 숙박시설 신축공사",24.10,진행중,192
E00065000039,봉래구역 제1지구 도시환경정비사업 사후지하안전영향평가,26.20,진행중,193
E00239000008,인천 청라 현대 썬앤빌 에코스타 사후 지하안전 영향조사,24.00,진행중,194
E00131000041,"광교신도시 도시지원시설용지 13-4-2,3블럭 지식산업센터 사후지하안전영향조사 용역",27.58,진행중,195
E00247000015,광명의료복합클러스터 조성사업 소하지구 신축공사,24.88,진행중,196
E10097000009,송파 문정동 르피에드 신축공사 사후 지하안전영향평가,36.89,진행중,197
E00022000065,"시흥멀티테크노밸리 위락상업 3-2, 3-4 복합시설 신축공사",28.65,진행중,198
E00035000060,안산시 사사동 물류센터 신축공사 사후지하안전영향조사,30.13,진행중,199
E00098000026,강서구 마곡동 9번지 지식산업센터 신축공사 사후지하안전영향조사 ,25.75,진행중,200
E10091000011,대구 지산동 오피스텔 신축공사 사후지하안전영향조사,33.67,진행중,201
E00249000003,범어 쏠라시티 신축공사 사후지하안전영향조사,32.16,진행중,202
E00108000002,답동성당 일원 관광자원화사업 사후지하안전영향평가 용역,23.65,진행중,203
E00154000044,"검단신도시 근생, 오피스텔 신축공사에 따른 사후지하안전영향조사 (2차)",22.96,진행중,204
E00038000102,삼척시 정상동 351일대 공동주택 신축공사 사후지하안전영향조사,25.00,진행중,205
E10013000007,고덕배수지 송수관로 매설공사 사후지하안전영향조사 용역,15.30,진행중,206
E00009000022,서울 강남구 역삼동 824-17 협진해운 사옥 신축공사 사후지하안전영향조사,24.62,진행중,207
E00005000025,DMC 마스터원 신축공사 사후지하안전영향조사 용역,24.16,진행중,208
E00150000017,BNK부산은행 수영지점 신축공사 사후지하안전영향조사 용역,26.31,진행중,209
E00102000124,KB국민은행 덕천동지점 신축공사,30.39,진행중,210
E10013000008,고덕비즈밸리 자족2-3 00사옥 신축공사 사후지하안전영향조사 용역,25.70,진행중,211
E10063000029,"방이동 47-7, 10번지 신축공사 사후지하안전영향조사",24.60,진행중,212
E00223000010,강일에너지센터 신축공사 사후지하안전영향조사 용역,23.66,진행중,213
E00025000028,수원발 KTX 직결사업 사후지하안전영향조사,21.79,진행중,214
E00066000090,성수동 근생.업무복합시설 신축공사,29.30,진행중,215
E00063000059,용산구 도시형생활주택 신축공사 사후지하안전영향조사 용역,30.21,진행중,216
E00063000060,마포로1구역 제48지구 도시정비형 재개발사업 사후지하안전영향조사 용역,33.39,진행중,217
E00239000009,광주시 도척 물류센타 신축공사,22.81,진행중,218
E00097000013,내당3지구 지역주택조합 주거복합시설 신축공사 사후지하안전영향조사,22.00,진행중,219
E00017000063,판교 제2테크노밸리 산업용지 E2-1 신축공사 “사후지하안전영향조사 용역”,35.11,진행중,220
E00066000092,부천 소사역세권 특별계획구역 내 주상복합 신축공사,32.06,진행중,221
E00121000044,화성동탄 대방 엘리움 일상10BL 주상복합 건설공사,25.95,진행중,222
E00055000085,자양1 재정비촉진구역 도시정비형 재개발사업,37.50,진행중,223
E10075000002,만촌네거리 주거복합 신축공사 사후지하안전영향조사,25.95,진행중,224
E00038000107,펄어비스 사옥 신축공사,28.61,진행중,225
E00190000048,강남구 논현동 164-1외 1필지 업무 및 근린생활시설 신축공사 사후지하안전영향조사 ,25.09,진행중,226
E00005000026,인천광역시 서구 검단지구 C12-4-1 블럭 오피스텔 신축공사 사후지하안전영향조사용역,26.20,진행중,227
E00055000088,군사시설 진입도로 개설사업(3공구),11.00,진행중,228
E00114000027,"인천광역시 서구 청라동 97-1번지 (C4-2-1BL) 업무시설(오피스텔),  근린생활시설 사후지하안전영향조사",32.66,진행중,229
E10008000019,경기도 안산시 단원구 고잔동 540-8번지 사후지하안전영향평가,23.00,진행중,230
E00223000011,인천지역 전기공급시설 전력구공사(동송도-서송도)사후지하안전영향조사,75.00,진행중,231
E00066000094,야탑동 403 물류센터 신축공사,32.68,진행중,232
E00063000062,고양시 향동지구 상업5-1블럭 업무시설 사후지하안전영향조사용역,25.38,진행중,233
E00063000063,고양시 향동지구 상업7-1블럭 업무시설 사후지하안전영향조사 용역,28.47,진행중,234
E00223000012,경기북부지역 전기공급시설 전력구공사(동두천-양주)사후지하안전영향조사,52.00,진행중,235
E00027000036,평택~부여~익산(서부내륙)고속도로  예산군 통과구간 변경설계 터널 사후지하안전영향조사,202.00,진행중,236
E00184000020,연제구 연산동(1124-25번지) 복합시설 신축공사 사후지하안전영향조사 용역,24.30,진행중,237
E00126000053,마곡 MICE 복합단지 특별계획구역 건설사업 CP1BL,33.71,진행중,238
E00248000016,논현동 60번지 외 3필지 주상복합 신축공사,25.28,진행중,239
E00097000015,칠성동 주거복합 신축공사 사후지하안전영향조사,22.02,진행중,240
E00102000131,판교 제2테크노밸리 PSK CAMPUS 신축공사 중 사후 지하안전영향조사,30.86,진행중,241
E00126000055,창동 창업 및 문화산업단지 복합시설 건설사업 ,28.90,진행중,242
E00035000065, 강릉 교동7공원 민간공원조성 특례사업 공동주택 신축공사 ,33.76,진행중,243
E00001000051,동대문구 전농동 620-15 오피스텔 신축공사 사후지하안전영향조사,30.68,진행중,244
E00043000041,역삼동 826번지 복합시설 사후지하안전영향조사 용역,25.00,진행중,245
E00035000066,이천 안흥동 00주상복합 신축공사(1BL) 사후지하안전영향조사 용역,33.50,진행중,246
E00035000067,이천 안흥동 00주상복합 신축공사(2BL) 사후지하안전영향조사 용역,33.50,진행중,247
E00035000068,역삼동 651-2 주거복합시설 신축공사 사후지하안전영향조사,24.91,진행중,248
E00084000022,청주 가경동 1416-1 주상복합 및 청주고속터미널 신축공사 사후지하안전영향조사,40.61,진행중,249
E00133000059,영등포구 여의도동 44-5번지 오피스텔 신축공사,28.00,진행중,250
E10083000009,부산 강서지역 전기공급시설 전력구공사(세산분기)외 3개 공사 사후지하안전영향조사용역(울산 북구지역),37.87,진행중,251
E00047000094,역삼동 831-11번지 외 오피스텔 신축공사,38.06,진행중,252
E00055000091,양양군 강현면 주청리 2-15 외1번지 생활형숙박시설 신축공사,27.71,진행중,253
E00047000095,"서초동 1321-7,8번지 오피스텔 신축공사",35.91,진행중,254
E00133000061,인천광역시 중구 운서동 3094-2번지 오피스텔 신축공사,28.20,진행중,255
E00117000008,동부간선도로(창동 상계)지하차도 사후지하안전영향조사 용역,19.00,진행중,256
E00099000032,동탄2신도시 업무시설 1-1용지 업무복합시설 신축공사중 사후지하안전영향조사,27.60,진행중,257
E00158000002,"원남동 오피스텔 A,B동 사후지하안전영향조사 용역",24.60,진행중,258
E00102000133,고양 삼송지구 업무시설 신축공사,29.10,진행중,259
E00106000043,서울시 용산구 서빙고동 4-153번지(1단계) 사후지하안전영향조사,21.66,진행중,260
E00073000003,영등포 당산동2가 역세권 청년주택 사후지하안전영향조사,30.47,진행중,261
E00095000025,경기신용보증재단 사옥 건립사업 사후지하안전조사용역,29.12,진행중,262
E00066000104,대구광역시 수성구 만촌동 주거복합 신축공사,27.87,진행중,263
E00023000068,인천 부평동 185-51근생 및 문화집회시설 착공후 지하안전조사 용역,26.07,진행중,264
E00210000027,KCC울산 일반산업단지 폐기물처리시설 조성사업 사후지하안전영향조사,22.03,진행중,265
E00099000033,수원덕산병원 신축공사 중 사후지하안전영향조사,23.51,진행중,266
E00134000077,송파구 잠실새내 업무시설 신축공사 중 사후지하안전영향조사,27.57,진행중,267
E00165000011,SDR 신축공사 사후지하안전영향조사,30.70,진행중,268
E00027000037,구리시 수택동 409-25일원 복합시설 신축공사 사후지하안전영향조사 용역,31.16,진행중,269
E00126000057,성수동2가 284-124 지식산업센터 사후지하안전영향조사,27.50,진행중,270
E00154000051,동대문구 이문동 346-121번지 오피스텔 신축공사,26.10,진행중,271
E00038000112,문정역 역세권 청년주택 신축공사 사후지하안전영향조사,29.21,진행중,272
E00247000019,서울특별시  영등포동2가 오피스텔 신축공사,26.47,진행중,273
E00134000081,"대전 도안지구 상업용지 1-1, 2 오피스텔 신축공사 중 사후지하안전영향조사",22.69,진행중,274
E00102000134,당진시 수청동 1048외 1필지 근린생활시설 신축공사,26.73,진행중,275
E00189000012,어코신 여주물류센터 신축공사,31.70,진행중,276
E00112000007,판교 제2테크노밸리 E8-3블럭 업무시설 신축공사 지하안전영향평가 사후지하안전영향조사,23.89,진행중,277
E00043000043,순천향대학교 부속 새병원 사후지하안전영향조사 용역,29.68,진행중,278
E00117000009,지하철 승강편의시설 토목건축공사(C-6공구) 사후지하안전영향 조사 용역,14.43,진행중,279
E00022000075,파트너스 플라자 신축공사,35.86,진행중,280
E00106000044,이천시 안흥동 주상복합 신축공사 사후지하안전영향조사,30.40,진행중,281
E00190000054,검단3구역 도시개발사업  지중화 송전선로 건설사업 사후지하안전영향조사 용역,24.30,진행중,282
E00075000018,강동천호 행복주택 및 공공청사 건설공사 사후지하안전영향조사,25.85,진행중,283
E00030000032,강서구 가양동 449-12 지식산업센터 신축공사,21.30,진행중,284
E00004000026,다우기술 컨소시엄  판교 제2사옥 신축공사 사후 지하안전영향평가 용역,26.00,진행중,285
E00121000046,포항 펜타시티 I 대방 엘리움 A1BL 아파트 건설공사,27.02,진행중,286
E00190000055,검단3구역 도시개발사업 지중화 송전선로 건설공사 사후지하안전영향조사,24.30,진행중,287
E00141000027,서울시 은평구 대조동 2-9번지 일원 청년주택 신축공사에 따른 사후 지하안전영향조사 용역,29.16,진행중,288
E10085000014,잠실대교 남단IC 연결체계 개선공사 사후지하안전영향평가 ,19.19,진행중,289
E00004000027,상봉동 주상복합 신축공사 사후지하안전영향조사,30.40,진행중,290
E00030000033,가산동 345-40 지식산업센터 신축공사,28.05,진행중,291
E00047000100,대구 남구 대명동 주상복합 신축공사,22.91,진행중,292
E00150000021,해운대 우동 비즈니스호텔 개발사업 사후지하안전영향조사,35.06,진행중,293
E00066000109,파주운정 복합시설 신축공사,24.97,진행중,294
E00096000038,구례군 백련리 공동주택 신축공사 사후지하안전영향조사 용역,23.67,진행중,295
E00154000054,수진동 근린생활시설 신축공사,31.00,진행중,296
E00133000064,대구 동인동1가 주상복합신축공사,20.62,진행중,297
E00133000065,"문정동 미래업무용지 3-9,10블럭 지식산업센터 신축공사 사후지하안전영향조사",22.96,진행중,298
E00154000055,"서울시 강남구 역삼동 765-18, 28 신축공사",34.99,진행중,299
E00154000056,역삼동 765-17번지 신축공사,26.86,진행중,300
E00062000035,운서동 3093-6번지 메이폴오피스텔II 신축공사 사후지하안전영향조사,25.56,진행중,301
E00006000019,양산 석산지역주택조합 아파트 사후지하안전영향조사,21.00,진행중,302
E00038000115,장안동 366-7번지 오피스텔 신축공사,31.56,진행중,303
E00044000046,신길동 주상복합 사후지하안전영향조사 용역,28.80,진행중,304
E00190000059,강서구 화곡동 1064번지 오피스텔 신축공사 사후지하안전영향조사,29.38,진행중,305
E10071000004,광주지역 전기공급시설 전력구공사(신광주-일곡 지중화) 사후지하안전영향조사 용역,33.28,진행중,306
E00102000137,태평로3가 221-5 주거복합 신축공사 중 사후지하안전영향조사 용역,21.95,진행중,307
E00102000138,태평로3가 211-1 주거복합 신축공사 중 사후지하안전영향조사 용역,22.16,진행중,308
E10104000011,시흥시 은계지구 업무 2-4블럭 오피스텔 신축공사 사후지하안전영향조사 용역,24.45,진행중,309
E10047000015,대쌍령리 (주)삼주물류창고 신축공사 대규모 사후지하안전영향조사,22.88,진행중,310
E00133000068,영등포구 당산동3가 550번지 지식산업센터 신축공사,31.72,진행중,311
E00055000100,부천지역 전기공급시설 전력구공사(도당S/S 배전인출),29.95,진행중,312
E00009000027,역삼동 AMC사옥 신축공사 중 사후지하안전영향조사 용역,27.67,진행중,313
E00198000033,한남동 W빌딩 신축공사 사후지하안전영향조사 용역 ,31.89,진행중,314
E00247000023,하남감일지구 자족시설용지 4BL 지식산업센터 신축공사 중 사후지하안전영향평가,26.18,진행중,315
E00109000027,여의도동 오피스텔 신축공사,25.96,진행중,316
E00190000061,남양주 다산지금 일반상업 3-1BL 오피스텔 신축공사 사후지하안전영향평가,25.46,진행중,317
E00063000069,e편한세상 금산 센터하임 신축공사 사후지하안전영향조사용역,22.16,진행중,318
E00001000057,마곡 MICE 복합단지 특별계획구역 건설사업 CP2 사후 지하안전영향조사 용역,33.01,진행중,319
E10078000005,유성선병원 신신관(I동) 증축공사 사후지하안전영향조사 용역,25.55,진행중,320
E00011000003,김포우리병원 증축공사 사후지하안전영향 조사,20.61,진행중,321
E00038000117,황학동 한양립스 이노와이즈 신축공사,18.94,진행중,322
E10008000021,신길동 JS496타워 신축공사 사후지하안전영향평가,28.46,진행중,323
E00017000074,위례 신도시 일상7 오피스텔 및 근린생활시설 신축공사,22.83,진행중,324
E00190000066,"송파구 방이동 38-3외2 ""더 엘라소프 잠실"" 업무시설 신축공사",28.48,진행중,325
E00009000028,판교 제2테크노밸리 G3-2BL 착공후지하안전영향조사용역,23.07,진행중,326
E00133000071,수원광교 C6BL 주상복합 신축공사,38.44,진행중,327
E00133000072,남양주시 수동면 운수리 물류센터 신축공사 기술용역,31.88,진행중,328
E00020000026,온천2지구 우수저류시설 설치공사 사후지하안전영향조사 용역,5.00,진행중,329
E00141000028,(주)동해종합기술공사 사옥 신축공사 중 착공 후 지하안전조사,24.00,진행중,330
E00190000067,통영천연가스 발전사업 154KV 송전선로 공사 사후지하안전영향조사,22.00,진행중,331
E10104000014,보타니크 논현 주상복합 신축공사 중 사후지하안전영향평가용역,29.19,진행중,332
E00022000080,역삼동 652번지 PSP Tower2 신축공사 중 사후지하안전영향조사,31.05,진행중,333
E00060000055,"대구시 수성구 만촌동 1039번지 일대 오피스텔 신축공사(지하안전영향평가 재작성, 사후지하안전영향조사)",31.16,진행중,334
E00060000056,성내5구역 주상복합 신축공사,34.76,진행중,335
E00060000057,영등포구 양평동 데이터센터 개발사업,39.63,진행중,336
E00057000045,김포시 고촌읍 신곡리 오피스텔 신축공사,28.70,진행중,337
E00047000105,부산광역시 부산진구 부전동 536-8 신축공사,36.45,진행중,338
E00080000052,논현동 카일룸까사 업무시설 신축공사,23.79,진행중,339
E00080000054,신도림 문화 및 집회시설 신축공사,24.98,진행중,340
E10075000004,평택지역 전기공급시설 전력구공사(희곡분기) 설계용역,46.70,진행중,341
E00005000032,춘천시 후평동 생활형숙박시설 신축공사,29.10,진행중,342
E00198000037,진건지구 상업 3-8-2블럭 신축공사 중 사후 지하안전 영향평가 용역,21.76,진행중,343
E10056000018,용산구 서빙고동 4-3 외 5필지 신축공사,22.21,진행중,344
E10112000004,대구 내당동 주거복합 신축공사 사후지하안전영향평가 용역,25.30,진행중,345
E00121000047,"식사지구 E9-1,2 오피스텔+공동주택 복합빌딩 신축공사",25.56,진행중,346
E00022000082,천호 성내3구역 재개발사업,34.52,진행중,347
E00098000037,대전 유성구 봉명동 446-1번지 외 3필지 생활숙박시설 신축공사,25.30,진행중,348
E00075000021,영광단주 행복주택 건설공사 1공구 사후지하안전영향조사,25.75,진행중,349
E10086000022,남원시 신정동2차 공동주택 신축공사 착공후지하안전조사서,22.30,진행중,350
E00098000038,대전 서구 용문동 주상복합 신축사업 사후지하안전영향평가 용역,27.45,진행중,351
E00017000076,서울시 용산구 문배동 8-5번지 외 6필지 오피스텔 신축공사,33.14,진행중,352
E00063000076,성수동2가 314-11번지외 2필지 업무시설 및 판매시설 신축공사 착공후지하안전조사 용역,25.16,진행중,353
E00030000036,광명동 344번지 근린생활시설 및 오피스텔 복합개발,23.91,진행중,354
E00066000117,"안양시 만안구 안양동 627-1,2,3번지 주상복합 신축공사",27.57,진행중,355
E00066000120,판교 제2테크노벨리 G1-1 부지 업무시설 신축공사,23.33,진행중,356
E00102000140,고양 풍동2지구 도시개발사업지구 內 상업용지 C-1-1BL 신축공사 中 착공 後 지하안전조사 용역,28.21,진행중,357
E00102000141,고양 풍동2지구 (C-1-2BL) 복합시설 신축공사,28.21,진행중,358
E10112000005,광양지역 전력구공사(광양항-율촌) 사후지하안전영향조사용역,30.23,진행중,359
E00102000142,고양 풍동2지구 도시개발사업지구 內 상업용지 C-2BL 신축공사 中 착공 後 지하안전조사 용역,22.86,진행중,360
E00098000039,도마변동11 재정비촉진구역 주택재개발정비사업 착공후지하안전조사,20.53,진행중,361
E00010000051,아산시 배방읍 장재리 1752번지 오피스텔 신축공사,26.54,진행중,362
E00013000023,화정동 964-4 신축공사 착공후지하안전조사,32.58,진행중,363
E00154000057,"서초동 1692-2, 3 00빌딩 신축공사 ""지하안전영향평가(공사 후) 용역""",33.22,진행중,364
E00006000020,덕산~화명 비상연계 노후관개량공사 사후지하안전영향조사 용역,9.40,진행중,365
E00002000036,동안양S/S인출 전력구공사 사후지하안전영향조사용역,17.96,진행중,366
E00060000062,경기도 광주시 송정지구 B1BL 공동주택 신축공사,25.36,진행중,367
E00066000125,인천청라 국제금융단지 핵심업무시설 A동 신축공사,23.30,진행중,368
E00203000089,"화성시 병점복합타운 상업 13-2,3,4 신축공사 착공후지하안전조사",23.46,진행중,369
E00164000033,남산N타워 오피스텔 신축공사 착공후지하안전조사 용역,25.05,진행중,370
E00129000012,부산진구 부암동 공동주택 신축공사 착공후지하안전조사 용역,28.63,진행중,371
E00247000028,삼성동 1-2 오피스텔 신축공사,25.63,진행중,372
E10083000010,부산강서지역 전기공급시설 전력구공사(세산분기) 착공후지하안전조사,70.15,진행중,373
E10083000011,부산 강서지역 전기공급시설 전력구공사(세산분기)외 3개 공사 사후지하안전영향조사용역(양산김해),40.00,진행중,374
E10083000012,부산 강서지역 전기공급시설 전력구공사(세산분기)외 3개 공사 사후지하안전영향조사용역(통영아주),24.36,진행중,375
E10060000004,포항시 학잠동 공동주택 신축공사,45.26,진행중,376
E00086000009,송파구(하남시)하천유지용수 공급개선사업 착공 후 지하안전영향조사 용역,13.40,진행중,377
E00022000086,광주 쌍암동 주상복합 신축공사,33.00,진행중,378
E10091000020,"판교 대장지구 일반상업용지 1-1, 2, 3구역 근린생활시설 신축공사 사후지하안전영향조사",27.38,진행중,379
E10008000023,안산지역 전기공급시설 전력구 공사(북안산E/C 배전인출 2차) 착공후지하안전조사서,28.52,진행중,380
E00095000030,고덕국제화배수지 배수관로 매설공사 사후지하안전영향 조사용역,16.67,진행중,381
E00126000062,하남미사 선우실업 풍산동사옥,22.06,진행중,382
E00022000088,의정부 발곡근린공원 민강공원 특례사업 비공원시설 신축공사,30.45,진행중,383
E00214000003,장흥~광적 국지도 건설공사 사후지하안전영향조사 용역,19.66,진행중,384
E10132000002,과천지식정보타운 지식기반산업용지 1-A-2블럭 신축공사,30.76,진행중,385
E00066000130,용인 모현(왕산)지구 B-2BL 공동주택 신축공사,22.96,진행중,386
E00066000131,용인 모현(왕산)지구 B-3BL 공동주택 신축공사,20.41,진행중,387
E00066000132,과천지식정보타운 2-2블럭 가비아컨소시엄 사옥 신축공사,27.93,진행중,388
E00134000091,김포풍무2지구 업무복합시설 신축공사 착공후지하안전조사용역,25.42,진행중,389
E00038000124,영동대로 지하공간 복합개발사업 착공후지하안전조사,51.53,진행중,390
E00066000134,대구광역시 달서구 본동 743번지 주상복합 신축공사,27.67,진행중,391
E00066000135,서울특별시 용산구 한남동 주거복합 신축공사,41.91,진행중,392
E00032000006,천안 불당동 1481 오피스텔 신축공사 착공후지하안전조사,29.55,진행중,393
E00032000007,천안 불당동 1482 오피스텔 신축공사  착공후지하안전조사,30.35,진행중,394
E00158000003,신촌2 에피소드 개발사업 사후지하안전영향조사 용역,34.55,진행중,395
E00038000125,안산시 고잔동 오피스텔 개발사업 착공후지하안전조사,30.21,진행중,396
E00017000079,인천검단신도시 AA15BL 공동주택 신축공사,26.40,진행중,397
E00017000080,함양~산청 천연가스 공급설비 건설공사 중 임천 세미쉴드 사후지하안전영향조사용역,16.00,진행중,398
E00042000047,김포 고촌 신곡리 헤센 스마트 오피스텔 신축공사 사후지하안전영향조사 용역,37.77,진행중,399
E00027000040,평택고덕신도시 11-2-3BL 복합시설 신축공사 사후지하안전영향조사,22.34,진행중,400
E00164000037,당산동 생각공장 개발사업 신축공사,22.17,진행중,401
E00190000073,정촌 S/S 배전인출 전력구 외 2개 공사 착공후지하안전조사,20.33,진행중,402
E10109000004,성수이로 62 업무복합시설 신축공사 착공후 지하안전조사용역,31.60,진행중,403
E00027000041,하남시 신장동 복합빌딩 신축공사 착공후지하안전조사,21.99,진행중,404
E00097000018,죽전역 서편 출입구 건설공사 사후지하안전영향조사 용역,14.56,진행중,405
E00043000047,서초구 1362-27번지 오피스텔 신축공사,36.22,진행중,406
E00133000078,용인 죽전동 퍼시픽써니 방송통신시설 데이터센터(지식산업센터)신축공사,40.91,진행중,407
E00024000027,부산문현혁신도시 복합개발사업 3단계 착공후 지하안전조사 용역,30.16,진행중,408
E10012000008,화성지역 전기공급시설 전력구 공사(중동탄 분기),33.31,진행중,409
E00214000004,강남 도루코 신사옥 신축공사 착공후 지하안전영향평가,28.29,진행중,410
E00134000093,서해안 우회도로 건설공사 착공후지하안전조사,12.55,진행중,411
E00023000076,"화성 병점복합타운 일반산업 S3 상 6-1, 6-2BL 상가 및 생활형숙박시설",23.87,진행중,412
E00184000025,부산진구 양정동 주상복합 신축공사,21.46,진행중,413
E00102000150,서초구 방배동 오피스텔 신축공사 중 착공 후 지하안전조사 용역,23.35,진행중,414
E00232000008,성동구 성수동2가 지식산업센터 신축공사,27.20,진행중,415
E00109000033,아산 배방 장재리 1720 오피스텔 신축공사 착공후지하안전조사,26.06,진행중,416
E00004000030,아산배방지구 11BL 개발사업 신축공사 착공후 지하안전조사 용역,29.60,진행중,417
E00047000109,고양 덕은 도시개발구역 업무4BL 업무시설 신축공사,23.86,진행중,418
E00114000030,불광동 302-13 청년주택 신축공사에 따른  착공후지하안전조사,24.80,진행중,419
E00002000037,수원-화성지역 전기공급시설 전력구공사(호매실-남수원)착공후 지하안전조사용역,60.20,진행중,420
E00133000079,논현동 106주상복합 신축공사,31.32,진행중,421
E00047000111,태봉공원내 공동주택 신축공사,24.22,진행중,422
E00031000053,대구광역시 달서구 감삼동 553번지 일원 주거복합 신축사업,27.15,진행중,423
E00038000126,2020년 역삼문화공원 지하주차장 건설 사후 지하안전영향평가 용역,22.80,진행중,424
E00176000021,대구 달서구 본리동 주상복합 신축공사 중 착공후 지하안전조사서,29.22,진행중,425
E10075000009,대구광역시 만촌역 지하연결통로 및 출입구 설치공사 사후지하안전영향평가,13.68,진행중,426
E00165000014,용인 반도체 클러스터 일반산업단지 산업단지외 준용사업(전기공급시설) 착공후지하안전조사,45.00,진행중,427
E00062000041,인천 서구 검단지구 C5-1-3(시공),24.57,진행중,428
E00163000027,고덕강일 공공주택지구 자족기능시설용지 5-8BL 신축공사,23.17,진행중,429
E00080000061,동대문구 신설동 98-18  신축공사,25.10,진행중,430
E00022000090,충남 아산시 모종동 주거복합 신축공사,21.63,진행중,431
E00027000043,양산시 어곡동 물류센터 신축공사 사후지하안전영향조사,28.30,진행중,432
E00096000045,인천 청라지구 C17-1-1BL 신축공사 착공후지하안전조사,25.45,진행중,433
E00061000023,과천 지식정보타운 5-1BL 지식산업센터 신축공사 착공후지하안전조사,22.75,진행중,434
E00117000016,역삼동 업무시설 공사중  사후지하안전영향평가 용역,31.96,진행중,435
E00102000154,판교 제2테크노밸리 GMP 공장 신축공사 관련 착공후지하안전조사 용역,25.10,진행중,436
E00030000039,답십리동 493-1 외 2필지 오피스텔 신축공사,29.58,진행중,437
E00199000007,진주 장재공원 민간특례사업 비공원시설 착공후지하안전조사 용역,29.51,진행중,438
E00228000043,강남구 역삼동 824-22번지 업무시설 신축공사 착공후 지하안전조사,29.10,진행중,439
E10116000003,평택 국제화계획지구 중상11BL 생활형숙박시설 신축공사,27.28,진행중,440
E00097000020,대구 도시철도 1호선 하양연장건설 사후지하안전영향평가,17.59,진행중,441
E10092000005,인천광역시 미추홀구 도화동 377-1외5 주상복합 신축공사 사후지하안전영향조사,21.19,진행중,442
E10004000009,부산도시철도 8차 시설개량공사 사후지하안전영향조사 용역,13.28,진행중,443
E10115000009,화성시 오산동 977-2번지 오피스텔 신축공사 착공후지하안전조사서,29.47,진행중,444
E00106000049,광영 스너그시티 영종 오피스텔 신축공사 사후지하안전영향조사,33.38,진행중,445
E00055000110,양양군 숙박시설 신축공사(동산리 84-3번지),22.25,진행중,446
E00075000022,숭인지하차도 및 연결도로 개설공사 착공후지하안전조사,14.30,진행중,447
E00022000095,고덕비즈밸리 알서포트 사옥 신축공사 중 착공후지하안전조사,25.45,진행중,448
E00096000047,마포구 노고산동 107-46번지 일대 주상복합 신축공사,32.66,진행중,449
E10099000012,경주 명계3일반산업단지 폐기물처리시설 조성사업 착공후지하안전조사 용역,56.25,진행중,450
E00176000023,양원지구 주거복합 신축공사 중 사후지하안전영향조사 용역,24.27,진행중,451
E10085000019,고양시 삼송지구(동산동 379) 00 지식산업센터 착공후 지하안전조사,27.41,진행중,452
E00248000022,신길동 주상복합 개발사업 사후지하안전조사 용역,23.44,진행중,453
E00096000048,도봉구 창동 662-7번지 주상복합 신축공사,27.13,진행중,454
E00223000015,지하철 승강편의시설 토목건축공사(3-4공구) 사후지하안전영향조사 용역,10.89,진행중,455
E00223000016,154kV 강서변전소 토건공사 착공후지하안전조사,21.87,진행중,456
E00198000042,고덕강일 공공주택지구 4-2블럭 신축공사 중 사후 지하안전 영향평가 용역,23.52,진행중,457
E00062000042,남동구 논현동 677-5 젠트라움 신축공사 착공후지하안전조사,21.96,진행중,458
E00243000069,부산 해운대구 중동 생활숙박시설 신축공사 착공후지하안전조사,24.89,진행중,459
E00055000111,중랑구 상봉동 109-28 역세권 청년주택 신축공사 중 사후지하안전영향조사 용역,29.42,진행중,460
E10104000023,강원도 속초시 조양동 1379-5외2필지 착공후지하안전조사용역,26.21,진행중,461
E00010000054,판교 제2테크노밸리 G3-1 BL 신축공사 착공후지하안전조사,23.28,진행중,462
E10092000006,용인시 백봉리 물류창고 증축공사 착공후지하안전조사 용역 (용인시 처인구 백암면 백봉리 1382-11번지 일원),20.00,진행중,463
E00056000022,경기도 평택시 장당동 3블럭 신축공사 착공후지하안전조사,30.68,진행중,464
E00084000026,이천 부악근린공원 민간공원 조성사업 내 공동주택 신축공사,25.41,진행중,465
E00021000028,남양주 다산진건 상업 1-2BL 오피스텔 개발사업,27.71,진행중,466
E00164000039,이카운트사옥 신축공사 착공후지하안전조사 용역,25.74,진행중,467
E00051000002,광주 서구 치평동 1230 오피스텔 신축공사 사후지하안전영향조사,23.50,진행중,468
E00226000025,e편한세상 동대구역 센텀스퀘어 신축공사,22.25,진행중,469
E10126000001,광주광역시 금남로3가 한신더휴 주상복합 신축공사,37.95,진행중,470
E00022000097,에이치케이이노엔 R&D센터 신축공사,25.83,진행중,471
E00143000047,용산구 원효로 3가 277-1번지 신축공사 중 착공후지하안전조사(사후지하안전평가)용역,23.96,진행중,472
E10003000014,"동탄~인덕원 제1공구 및 월곶~판교 제8공구, 동탄~인덕원 제9공구 착공후지하안전조사 용역",51.97,진행중,473
E00015000011,제주지역 전기공급시설 전력구공사 사후 지하안전 영향조사용역,32.90,진행중,474
E00004000033,GTX-A 운정역 환승센터(지하차도) 착공후지하안전조사,13.10,진행중,475
E00102000160,서울시 금천구 가산동 345-48번지 가산동 데이터센터 신축공사,34.23,진행중,476
E00102000161,구로병원 외래관 신축사업 사후지하안전영향조사 용역,29.32,진행중,477
E00024000032,"판교 제2테크노밸리 특별3구역 G2-1, 2BL 신축공사 착공후지하안전조사서",28.11,진행중,478
E10003000015,"동탄~인덕원 제1공구 및 월곶~판교 제8공구, 동탄~인덕원 제9공구 착공후지하안전조사 용역",46.00,진행중,479
E00134000107,강원도 춘천 학곡지구 A1-1BL 공동주택 신축공사 착공후지하안전조사,24.70,진행중,480
E00044000052,2021년 강서지사 인입통신구 지장이전공사 사후지하안전영향평가용역,27.61,진행중,481
E00024000033,성수동2가 278-34 지식산업센터 신축공사 착공후 지하안전조사,24.06,진행중,482
E00001000062,"청담동 50-1, 50-2오피스텔 신축공사 착공후 지하안전조사",27.40,진행중,483
E00134000108,영종도 해저송수관로 건설공사 착공후지하안전조사,62.20,진행중,484
E00030000040,영등포구 양평동2가 지식산업센터 신축공사,24.06,진행중,485
E00023000082,울산광역시 남구 신정6지구 주상복합 신축공사 착공후지하안전조사,29.25,진행중,486
E00001000063,신반포21차아파트 주택재건축정비사업 착공 후 지하안전조사,26.56,진행중,487
E00134000109,인천광역시 계양구 작전동 899-3 오피스텔 신축공사 중 착공후지하안전조사,25.20,진행중,488
E10128000011,진천 은암리 물류센터 착공 후 지하안전조사 용역,23.36,진행중,489
E00102000164,고양 식사2지구 오피스텔 신축공사 中 착공 후 지하안전조사 용역,26.65,진행중,490
E00133000085,동대문구 전농동 오피스텔(B블럭) 신축공사,25.61,진행중,491
E00218000041,창원대상공원 비공원시설 공동주택 신축공사 ,26.10,진행중,492
E00134000112,하남 감일지구 상업1-1BL개발사업 착공후 지하안전조사용역,22.88,진행중,493
E10086000035,"서초구 서초동 1595-3,4,6번지 업무시설 신축공사 착공후지하안전조사",28.84,진행중,494
E00133000087,경기도 시흥시 조남동 655 오피스텔 신축공사,23.53,진행중,495
E00063000090,강릉교동공동주택신축공사  착공후지하안전조사용역,27.41,진행중,496
E00063000091,청주 매봉근린공원 공동주택 신축공사 착공후지하안전조사용역,23.75,진행중,497
E00248000024,오산 세마역 오피스텔 신축공사 착공후지하안전조사,30.96,진행중,498
E00005000035,고령 월성산업단지 폐기물매립장 조성사업 착공후지하안전조사용역,71.50,진행중,499
E00022000101,구의동 246-10 역세권 청년주택 신축공사,26.96,진행중,500
E10112000008,대구광역시 수성구 범어동 주거복합 신축공사,28.92,진행중,501
E10132000005,논현동 62-2번지 신축공사 착공후지하안전조사,31.36,진행중,502
E00249000011,대구도시철도1호선 서부정류장역 출입구 개선공사 착공후지하안전조사,14.00,진행중,503
E10003000016,진천지역 전력구공사( 문백S/S배전인출) 착공후지하안전조사 용역,22.50,진행중,504
E10091000027,수원 인계동 오피스텔 신축사업 중 지하안전평가 협의내용 반영 및 착공후지하안전조사 용역,24.27,진행중,505
E10003000017,경부고속도로 하부 횡단공사 착공후지하안전조사 용역,15.74,진행중,506
E10128000014,가락동 112-4번지 OO빌딩 신축공사 ,31.16,진행중,507
E10109000006,마포구 서교동 354-1외 2필지 복합시설 신축공사,36.30,진행중,508
E00055000115,마곡지구 CP4 개발사업,39.70,진행중,509
E00102000169,인천시 부평구 부평동 738-43번지 외1필지 개발,27.70,진행중,510
E10128000015,역삼동 705-22번지 OO빌딩 신축공사 ,33.96,진행중,511
E00063000093,관악 신림동 역세권 청년주택 신축공사 착공후지하안전조사용역,27.01,진행중,512
E00190000081,과천지식정보타운 상업1-1BL 신축공사 착공후지하안전조사,30.96,진행중,513
E00099000040,강북구 삼양사거리 특별계획구역III 주거복합 신축공사 착공후지하안전조사,24.45,진행중,514
E00139000046,대구 수성지역 전기공급시설 전력구공사 외 1건 사후지하안전영향조사 용역,13.00,진행중,515
E10086000038,검단지구 주수송관 건설공사(김포지역)2공구 ,14.02,진행중,516
E00063000094,안성시 서운면 물류센터 신축공사 착공후지하안전조사,24.22,진행중,517
E00039000035,케이스퀘어 데이터센터 개발사업 착공후지하안전조사 용역,28.36,진행중,518
E00098000053,부강~월산 지중화 착공후지하안전조사 용역,58.00,진행중,519
E00133000090,동대문구 전농동 오피스텔(A블럭) 신축공사,26.60,진행중,520
E00022000104,서울시 중구 초동 107-12외 2필지 업무시설 개발사업  중 착공후 지하안전조사 용역,27.33,진행중,521
E00022000105,양양군 강현면 생활형숙박시설(전진리 7-3번지일원)신축공사,33.30,진행중,522
E10086000039,서울시 강남구 역삼동 721-30 신축공사,24.52,진행중,523
E10115000012,음성군 내산리 461 물류센터 신축공사,21.48,진행중,524
E00062000046,오산-평택 등 5개T/L 지중화공사,44.68,진행중,525
E00066000164,대전광역시 중구 선화동 주상복합 신축공사,23.68,진행중,526
E00023000084,성내동 199-23번지 의료시설 신축공사,23.88,진행중,527
E00203000104,성남시 상적동 190-65번지 신축공사,23.25,진행중,528
E00017000087,금천구 독산동역세권 청년주택신축공사,30.60,진행중,529
E00150000029,여수 학동 74번지 일원 주상복합 신축공사 착공후지하안전조사,20.90,진행중,530
E00134000115,인천 송도2공원 비공원시설 조성,24.11,진행중,531
E00056000024,대구 북구지역 전기공급시설 전력구공사 착공후지하안전조사,19.50,진행중,532
E00017000088,대구 본동888-2번지 주상복합신축공사 착공후지하안전조사,20.30,진행중,533
E00001000065,"청담동 48, 48-1 오피스텔 신축공사 착공후지하안전조사",32.53,진행중,534
E00130000022,호남고속철도 2단계(고막원~목포) 건설사업 착공후지하안전조사용역,91.74,진행중,535
E00001000066,마곡 MICE 복합단지 특별계획구역 건설사업 CP3-2 사후 지하안전영향조사 용역,30.79,진행중,536
E00134000116,광주광역시 북구 동림동 289-1번지 신축공사 중 사후 지하안전영향조사,20.20,진행중,537
E00043000054,아현동 275-2외 8필지 주상복합 건립공사 사후 지하안전영향조사,30.76,진행중,538
E00109000039,하남 감일지구 상업 C1-3블럭 복합시설 신축공사 착공후지하안전조사,25.70,진행중,539
E00001000068,중구 남산동2가 6-1번지 근린생활시설 신축공사 착공후지하안전조사,23.30,진행중,540
E00047000134,"마포로 1구역 제28,29지구 도시정비형 재개발사업",40.86,진행중,541
E10013000013,고양시 덕양구 주교동 613 오피스텔 신축공사 착공후지하안전조사 용역,22.56,진행중,542
E10056000022,포항 남구지역 전기공급시설 전력구공사 (남포항분기),21.82,진행중,543
E00190000083,대전 서구 탄방동 오피스텔 개발사업 착공후지하안전조사,33.24,진행중,544
E10123000001,사상역 광역환승센터 건설사업 착공후지하안전조사용역,10.93,진행중,545
E10115000015,과천지식정보타운 4-5BL 지에프R&D 과천사옥 신축공사 착공후 지하안전조사용역,25.01,진행중,546
E00131000079,고양시 향동동 468번지 신축공사 착공 후 지하안전조사용역,23.29,진행중,547
E00022000109,부산광역시 부암동 오피스텔 신축공사,26.64,진행중,548
E10006000035,상남동 생활형 숙박시설 착공후지하안전조사,26.30,진행중,549
E00126000071,의왕시 포일동 506-1번지 복합시설 신축공사,25.99,진행중,550
E00086000010,순화1-2지구 도시정비형 재개발사업 동화약품 사옥 신축공사 착공후 지하안전조사 용역,24.36,진행중,551
E00086000011,노원구 상계동 690 공공지원 민간임대주택(역세권청년주택) 신축공사 착공후 지하안전조사 용역,24.93,진행중,552
E00248000026,과천지식정보타운 지식기반산업용지 11-2BL 업무시설 신축공사 착공후 지하안전조사,27.43,진행중,553
E00224000026,대구 중구 남산동 주상복합시설 신축공사 착공후 지하안전조사 용역,25.73,진행중,554
E00055000120,성동구 용답동 청년주택 ,30.75,진행중,555
E10126000002,광주지역 전력공급시설 전력구공사(수완-하남),22.50,진행중,556
E10097000052,시흥시 월곶동 오피스텔 신축공사 착공후지하안전조사,36.01,진행중,557
E10056000023,경산-수성 전기공급시설 전력구공사(자인-시지),23.00,진행중,558
E10006000037,사천 예수리 사후지하안전영향조사,29.88,진행중,559
E00134000121,천안시 서북구 입장면 용정리 물류창고 신축공사 착공후지하안전조사,30.70,진행중,560
E00065000056,광동제약 과천 신사옥 신축공사 착공후 지하안전조사 용역,28.63,진행중,561
E00150000031,해운대 우동 544-6외 2필지 생활형숙박시설 신축공사 착공후지하안전조사 용역,42.91,진행중,562
E00055000121,안양시 만안구 안양동 생활숙박시설 신축공사,29.63,진행중,563
E00060000074,과천시 별양동 1-21번지 복합시설 신축공사,35.97,진행중,564
E00218000047,울산광역시 남구 신정동 1133-14번지 일원 주상복합 신축공사,22.75,진행중,565
E00001000071,강남구 청담동 53-5번지 신축공사,35.25,진행중,566
E00141000041,동대문구 용두 1-3지구 주상복합 신축공사,28.65,진행중,567
E00176000024,대구광역시 동구 신천동 311-4 주거복합 신축공사 중 착공후 지하안전조사서,25.87,진행중,568
E00163000033,대구시 중구 사일동(15-1일원) 주상복합 신축공사 착공후지하안전조사,27.00,진행중,569
E00163000034,서서울2-봉담 전력구공사 사후지하안전영향조사용역,28.45,진행중,570
E10122000004,154kV 거제변전소 인출T/L 지장송전선로 지중화이설공사,23.69,진행중,571
E00063000099,청담동1번지 복합시설 신축공사 착공후지하안전조사용역,28.45,진행중,572
E00219000004,정부과천청사역 승강설비 설치공사 착공후지하안전조사,16.96,진행중,573
E00022000111,당산동6가 주상복합시설 신축공사,35.98,진행중,574
E00022000113,"공평구역 15,16지구 도시정비형 재개발 사업",37.86,진행중,575
E00004000035,서울 강서지역 전기공급시설 전력구공사(강서S/S인출) 착공후지하안전조사,14.64,진행중,576
E00143000053,안양시 동안구 관양동 1505-15 외 1필지 신축공사 착공후지하안전조사 용역,23.79,진행중,577
E10137000002,서초동 1593-13 오피스텔  신축공사 착공후지하안전조사,40.13,진행중,578
E10132000008,건대입구역 역세권 청년주택 신축공사 착공후지하안전조사,39.66,진행중,579
E00060000075,대구광역시 달서구 본리동 주거복합 신축공,23.21,진행중,580
E00043000058,은평자이더스타 착공후지하안전조사 용역,30.20,진행중,581
E00248000029,오산 세교지구 상2블럭 오피스텔 신축공사,23.30,진행중,582
E00062000050,통영시 광도면 공동주택 신축공사,25.75,진행중,583
E00139000047,대구 수성지역 전기공급시설 전력구공사 외 1건 사후지하안전영향조사 용역,9.88,진행중,584
E00219000005,"평택 P4~P5 PROJECT 터널공사(배관구, 4.0/6.0) 착공후지하안전조사",56.72,진행중,585
E10008000028,성수동1가 22-7 지식산업센터 신축공사,25.69,진행중,586
E00120000003,중리취수장_월평정수장 제2도수관로 부설공사 착공후지하안전조사,11.25,진행중,587
E00164000044,하나드림타운 그룹헤드쿼터 신축공사 착공후지하안전조사 용역,34.00,진행중,588
E00098000058,"월곶~판교 복선전철 제1,6공구 사후지하안전영향조사용역",48.88,진행중,589
E00143000054,동탄2 업무시설용지 4BL 오피스텔 신축공사 중 착공후지하안전조사 용역,21.16,진행중,590
E00102000175,고양시 덕양구 주교동(612-6일원) 오피스텔 신축공사 중 착공후지하안전조사 용역,24.91,진행중,591
E00096000054,양양 주청리 2-9번지 생활숙박시설 신축공사,29.76,진행중,592
E00060000078,광양시 마흘지구 공동주택 신축공,34.91,진행중,593
E00084000032,중앙지사 열수송망 성능 보강공사(2단계) 착공후지하안전조사용역,13.60,진행중,594
E10153000002,청담동 119-3외 2필지 주상복합 신축공사 사후지하안전영향조사,28.87,진행중,595
E00022000116,삼성동 오피스텔 신축공사,31.47,진행중,596
E00022000117,이태원동 101-1번지 신축주택,21.26,진행중,597
E00080000077,서울특별시 광진구 구의동 252-95번지 일원 오피스텔 신축공사 중 사후지하안전영향조사 용역,26.64,진행중,598
E10132000011,"장안동 364-1,2,8번지 오피스텔 신축공사 착공후지하안전조사서",36.95,진행중,599
E00066000177,의왕백운밸리 업무복합시설용지 (업복1) 복합시설 신축공사,25.44,진행중,600
E00066000178,의왕백운밸리 업무복합시설용지 (업복2) 복합시설 신축공사,28.84,진행중,601
E00039000036,울산 강동리조트 개발사업(북구 산하동 산246-10일원) 착공후지하안전조사,34.92,진행중,602
E10127000001,서울시 강서구 마곡 R&D센터 건립사업 중 착공후지하안전조사,21.65,진행중,603
E00003000009,"과천지식정보타운 상업시설용지 복합시설 신축(1-2,3블럭) 착공후지하안전조사 용역",24.96,진행중,604
E00247000048,영종 SK VIEW 오피스텔 신축공사,25.21,진행중,605
E00003000010,"과천지식정보타운 상업시설용지 복합시설 신축(3-1,2블럭) 착공후지하안전조사 용역",24.96,진행중,606
E00190000086,천안시 문화동 주상복합아파트 신축공사 착공후지하안전조사서,27.62,진행중,607
E10071000005,서대문은평지사 복합사옥 신축공사,27.99,진행중,608
E00030000045,향동동 479번지 업무시설 신축공사,27.01,진행중,609
E10097000055,힐스테이트 원주 레스티지 신축공사 착공후지하안전조사,28.38,진행중,610
E00018000026,광양(1)공업용수도 노후관 개량사업,17.06,진행중,611
E00137000031,지산동 지역주택조합아파트 신축공사,31.10,진행중,612
E00088000029,안양시 호계동 960-1번지 착공후지하안전조사,30.36,진행중,613
E00130000026,"345kV 강릉안인화력 1,2호기 송전선로 건설사업 사후지하안전영향조사",53.20,진행중,614
E00082000030,천왕 역세권  도시환경 정비사업 착공후지하안전평가,20.86,진행중,615
E00210000034,대구 MBC부지 주상복합 신축공사 중 착공후지하안전조사 용역,23.00,진행중,616
E00134000127,군산시 조촌동 경남아너스빌 공동주택 신축공사 착공후 지하안전조사,30.07,진행중,617
E10092000019,위례선 도시철도 건설사업 착공후지하안전조사 용역(장기계속),12.18,진행중,618
E00133000097,당산동 5가 9-9외 2필지 지식산업센터 신축공사,33.20,진행중,619
E00102000178,진주 주약동 183-1 외 4필지 공동주택 신축공사 中 착공 後 지하안전조사,22.81,진행중,620
E00066000182,대구 진천동 라온프라이빗 주상복합 신축공사,26.00,진행중,621
E10115000018,쿠쿠강동빌딩 신축공사,22.63,진행중,622
E00126000073,마곡 R&D센터(지식산업센터) D13구역 건립사업,21.78,진행중,623
E10104000027,부산광역시 해운대구 우동 648-7외 2필지 생활형숙박시설 착공후지하안전조사 용역,26.46,진행중,624
E00062000052,"식사지구 E9-7,8 복합시설 신축공사",27.31,진행중,625
E00098000059,동대전 주상복합 개발사업 착공후지하안전조사 용역,23.96,진행중,626
E10051000015,안성 일죽 물류센터 신축사업,29.23,진행중,627
E00199000008,울산 무거동 주상복합 신축공사 착공후 지하안전조사용역,26.61,진행중,628
E00106000057,중림동 363 오피스텔 신축공사,37.81,진행중,629
E00055000123,수원 대로1-25호선 지하차도(1단계) 사후지하안전영향평가 용역,10.31,진행중,630
E00188000015,수원 도시계획시설(제22호 하천 : 당수천) 착공후지하안전조사 용역,6.52,진행중,631
E00218000051,부산진구 부전동 오피스텔 신축공사,31.26,진행중,632
E00060000080,포항 환호공원 개발행위 특례사업 공동주택 신축공사(1BL),25.95,진행중,633
E00200000050,울산 우정동 주택재개발정비사업 착공후지하안전조사용역,22.56,진행중,634
E00047000142,향동 어반워크 지식산업센터 신축공사,31.31,진행중,635
E00047000143,원주세브란스기독병원 새병원 외1 증축공사,31.43,진행중,636
E00068000008,무안지역 전기공급시설 전력구공사(운남-읍동개폐소) 사후지하안전영향조사용역,13.10,진행중,637
E10122000005,시흥시 신천동 713번지 외 5필지 오피스텔 신축공사 중 착공후 지하안전조사,30.85,진행중,638
E00039000037,서초구 서초동 역세권 청년주택 신축공사 착공후지하안전조사 용역,24.62,진행중,639
E00080000080,동대문구 휘경동 역세권 청년주택 신축공사,22.05,진행중,640
E00096000056,안양동 주상복합 착공 후 지하안전평가,27.14,진행중,641
E00185000005,서울 동남권지역 전기공급시설 전력구공사(동서울#2-강남1차) 사후지하안전영향조사,80.20,진행중,642
E10148000001,국도77호선 원청사거리 교차로 개선공사 착공후지하안전조사용역,12.70,진행중,643
E00080000081,신림 주상복합 신축공사 착공후 지하 안전 조사 용역,24.06,진행중,644
E10104000029,천안 성정동 209-1 일원 주상복합 신축공사 착공후지하안전조사,20.56,진행중,645
E00130000029,서울도시철도7호선 청라국제도시연장선 건설공사 사후지하안전영향조사용역,75.99,진행중,646
E10008000030,양동지구 도시정비형 재개발구역 사회복지시설/임대주택 신축공사 사후지하안전영향조사 수행용역,28.74,진행중,647
E00102000179,충북 제천시 장락동 세영리첼아파트 신축공사 중 착공후지하안전조사 용역,26.06,진행중,648
E00133000098,시흥장현 업무시설용지 10블럭 업무시설 신축공사 착공후지하안전조사,38.76,진행중,649
E10132000013,"대치동 OO빌딩(대치동 913-12,13) 신축공사",26.61,진행중,650
E00139000052,"고양지축 C1-4-1,2 근생 및 업무시설 신축공사",22.48,진행중,651
E00139000053,고양지축 C1-4-3 근생 및 업무시설 신축공사,22.48,진행중,652
E00102000180,서초동 1603 주거복합 신축공사 중  착공후지하안전조사 용역,30.74,진행중,653
E00163000036,동두천 민간임대아파트 신축공사 사후지하안전영향조사,27.68,진행중,654
E00009000031,신안산선 복선전철 사후지하안전영향조사 용역,35.00,진행중,655
E00186000040,방이동 50-1 H타워 신축공사 사후지하안전영향조사,23.00,진행중,656
E00043000061,마곡R&D센터 (지식산업센타)신축공사 착공후 지하안전조사 용역,24.95,진행중,657
E00166000009,서산지역 전기공급시설 전력구공사(서산~성연),44.30,진행중,658
E10170000001,대구 북구-서구지역 전력구공사(팔달-서침산 2차)착공후 지하안전조사용역,9.88,진행중,659
E00047000146,서초동 1584-7번지 외 4필지 오피스텔 신축공사,33.68,진행중,660
E00047000147,울산 울주군 신화리 주상복합 신축사업 토목 관련 용역,30.73,진행중,661
E00047000148,더강남832PFV 오피스텔 개발사업,40.67,진행중,662
E00210000035,인천광역시 서구 청라동 6-2번지 오피스텔 신축공사 중 사후 지하안전조사 용역,33.50,진행중,663
E00035000082,영등포구 대림동 986-4번지외 역세권청년주택 개발사업,29.22,진행중,664
E00163000037,154kV 지중송전설비 건설공사 착공후지하안전조사 용역,71.39,진행중,665
E00063000106,구로동 636-89 지식산업센터 신축공사 착공후지하안전조사용역,26.05,진행중,666
E00133000104,금천구 가산동 371-36 개발사업,28.37,진행중,667
E00066000188,검단신도시 101 역세권 개발사업 C1 블록,33.80,진행중,668
E00010000072,송도동 94-3번지 송도 센트럴비즈 한라 신축공사,30.00,진행중,669
E10097000060,대구 신천동 주상복합 신축공사 착공후지하안전조사,28.85,진행중,670
E10128000026,강릉시 교동 637-1 공동주택 신축공사 착공후지하안전조사용역,25.55,진행중,671
E10086000047,지하철 승강편의시설 설치 토목건축공사(C-4 공구) 사후지하안전영향 조사 용역,8.94,진행중,672
E00055000128,양양 전진리 7-30 ,27.73,진행중,673
E00188000016,신내-중계 전력구공사 사후지하안전영향조사 용역,23.05,진행중,674
E00047000152,KB 국민은행 가양역지점 신규합숙소 착공후지하안전조사 기술용역 계약,31.16,진행중,675
E00086000013,PEACH PFV Data Center 신축공사 착공후 지하안전조사 용역,28.52,진행중,676
E10086000048,송파구 방이동 34-1번지 신축공사 착공후지하안전조사,23.56,진행중,677
E00164000049,서초동 1303-34번지 개발사업 착공후지하안전조사 용역,31.29,진행중,678
E00023000100,울산광역시 동구 전하동 주상복합 신축공사,25.80,진행중,679
E00084000034,청주시 오창읍 주거복합시설 신축공사,32.30,진행중,680
E00022000121,숭인동 주상복합 신축공사(숭인동 200-16),29.68,진행중,681
E10133000001,8호선 복정역 승강편의시설 설치공사(54공구) 착공후지하안전조사,11.32,진행중,682
E00080000082,노원구 상계동 1049-71번지 신축공사,23.56,진행중,683
E00080000083,강북구 수유동 역세권 청년주택 신축공사,24.15,진행중,684
E00047000155,서울시 을지로3가 6지구 도시환경정비사업,32.90,진행중,685
E00055000129,마곡 MICE 복합단지 특별계획구역 건설사업 CP3-1,30.68,진행중,686
E00218000057,포항시 학산근린공원 공동주택 신축공사,36.00,진행중,687
E00055000130,양주시 광사동 652-5 오피스텔 신축공사 착공후 지하안전조사용역,27.88,진행중,688
E00055000131,서울시 중랑구 묵동 165 역세권 청년주택 신축공사 착공후지하안전조사,35.82,진행중,689
E00131000087,서계동 역세권청년주택 신축공사 착공 후 지하안전평가 및 물리탐사,25.86,진행중,690
E00134000132,마륵근린공원 개발행위 특례사업 중 사후지하안전영향조사,24.21,진행중,691
E10000000009,청주 매봉근린공원 중로2-571호선 개설공사 착공후지하안전조사,19.86,진행중,692
E00055000134,서초구 서초동 1593-1 오피스텔 신축공사 착공후지하안전조사 용역,33.01,진행중,693
E10086000049,영등포구 영등포동 4가 79 신축공사 착공후지하안전조사,23.42,진행중,694
E00189000022,이천시 모가면 신갈리 물류센터 신축공사 착공후지하안전조사,24.07,진행중,695
E00098000064,우방범어타운2차 주택재건축정비사업 착공후지하안전조사 용역,20.70,진행중,696
E00114000035,서울시 성동구 성수동2가 273-55 착공후지하안전조사,29.75,진행중,697
E00036000046,상도동 역세권 공공임대주택 건립 신축공사 착공후 지하안전조사 용역,26.66,진행중,698
E00080000086,성북구 하월곡동 역세권 청년주택 신축공사,27.90,진행중,699
E00080000087,"용산구 한남동 736-2, 3 신축공사",28.45,진행중,700
E00096000061,평택시 평택동 45-1 주거복합 신축공사,22.96,진행중,701
E00060000083,원효로3가 1-159번지 일원 역세권 청년주택 신축공사,28.06,진행중,702
E00055000135,상화로 입체화 사업 사후지하안전영향조사,46.50,진행중,703
E00247000056,당산동5가 9-13 당산2차 지식산업센터 신축공사,29.80,진행중,704
E10012000016,도시철도1호선 서부정류장역 출입구 개선공사 사후지하안전영향조사 용역,14.00,진행중,705
E10174000001,광주광역시 동구 금남로5가 생활형숙박시설 신축공사,30.51,진행중,706
E10051000016,"시흥, 안산지역 전기공급시설 전력구공사(광석분기) 사후지하안전영향조사",77.57,진행중,707
E00056000025,평택시 장당지구 2BL 복합시설 신축공사 사후지하안전영향조사,30.00,진행중,708
E00066000194,대구 중구 도원동 주상복합 신축공사,26.20,진행중,709
E10013000018,당하~오일간 도로확포장공사(봉정터널) 착공 후 지하안전조사 용역,19.87,진행중,710
E00098000065,"대전 둔산동 1380-2, 5 오피스텔 개발사업 사후지하안전영향조사 용역",38.41,진행중,711
E00055000137,유엔사부지 복합개발 사업 착공후지하안전조사 용역,43.66,진행중,712
E00047000164,서울특별시 서초구 잠원동 28-6번지 외 3필지 신축공사,38.75,진행중,713
E00017000103,사천 예수화전지구 공공지원민간임대주택 공급촉진지구 조성사업 착공후지하안전조사,40.01,진행중,714
E10091000032, 왕길사거리 지하차도 설치공사 구간 내 간섭 열수송관 이설공사(2차) 착공후지하안전조사서,10.08,진행중,715
E00098000066,"동탄~인덕원 제1공구 및 월곶~판교 제8공구, 동탄~인덕원 제9공구 사후지하안전영향조사용역",46.00,진행중,716
E00098000067,"동탄~인덕원 제1공구 및 월곶~판교 제8공구, 동탄~인덕원 제9공구 사후지하안전영향조사용역",51.97,진행중,717
E00080000088,미아역세권 활성화사업 신축공사 194-2번지(A),20.61,진행중,718
E00196000013,위례154kV 성남T/L 지장송전선로 이설공사 사후지하안전영향조사용역,45.60,진행중,719
E00243000099,서울도시철도 9호선 4단계 연장사업 1공구 건설공사,45.56,진행중,720
E00133000108,이태원111 복합문화시설 착공후지하안전조사,27.10,진행중,721
E10116000008,마포구 신수동 지역주택조합아파트(역세권 SHIFT)건설사업,23.30,진행중,722
E00198000045,"강남구 도곡동 177-2,174-15 신축공사 중 착공후지하안전조사 용역",27.64,진행중,723
E00243000100,서울도시철도 9호선 4단계 연장사업 2공구 건설공사,45.56,진행중,724
E00243000101,서울도시철도 9호선 4단계 연장사업 3공구 건설공사,45.56,진행중,725
E10097000063,내손다지구 터널공사 착공후지하안전조사,38.81,진행중,726
E00043000069,전주시 금암동 523-104 주상복합 신축공사 착공후 지하안전조사,21.73,진행중,727
E00150000037,가야동 공동주택(197-3번지일원) 신축공사 착공후지하안전조사 용역,21.25,진행중,728
E00010000077,충남 천안시 서북구 불당동 1478번지 업무복합시설 신축공사,40.90,진행중,729
E00150000038,해운대 우동 638-1번지 복합시설 신축공사 착공후지하안전조사,23.90,진행중,730
E00001000080,청주고속터미널 복합개발 신축공사 착공 후 지하안전조사,40.65,진행중,731
E10120000014,천호 DS356 주거복합 신축공사 착공후지하안전조사 용역,26.96,진행중,732
E00068000010,광주지역 전기공급시설 전력구공사(계림-일곡) 2차 사후지하안전영향조사용역,45.55,진행중,733
E00022000123,삼성동 168-16번지 업무시설 신축공사,27.06,진행중,734
E00062000056,과천지식정보타운 1-A-3 블록 신축공사,24.33,진행중,735
E00223000022,서울지역본부 사옥 신축 착공후지하안전조사,22.70,진행중,736
E00080000089,미아역세권 활성화사업 신축공사 195번지(B) 착공후지하안전조사,26.80,진행중,737
E00080000090,중랑구 묵동 8 역세권 청년주택 신축공사,22.79,진행중,738
E00039000041,용산구 갈월동(98-6일원) 역세권 청년주택 신축공사 착공후지하안전조사 용역,28.76,진행중,739
E10006000048,DB 손해보험 부산사옥 신축공사 사후지하안전영향평가,36.95,진행중,740
E00030000051,마포병원 신축공사중 착공후 지하안전조사용역,27.24,진행중,741
E00098000068,대전 중구 유천동 주상복합 신축공사 착공후지하안전조사,23.95,진행중,742
E00106000061,"세종지사 5,6생활권 열수송관공사(금강) 착공후지하안전조",16.70,진행중,743
E00247000058,송파구 가락동 99번지 오피스텔 신축공사,40.56,진행중,744
E00086000014,고양 삼송 데이터센터 신축공사 착공후 지하안전조사 용역  ,32.76,진행중,745
E00065000062,동작구 상도동 23-42번지 일원 상도역세권 공공임대 주택사업,24.31,진행중,746
E00121000071,개봉동 144-5번지 지식산업센터 신축공사,23.36,진행중,747
E00150000041,서면4차 봄여름가을겨울 착공 후 지하안전조사 용역,24.80,진행중,748
E10085000029,케이씨 환경 열수송관 신축공사,24.00,진행중,749
E00248000032,성수동2가 278-52 업무시설 개발사업 착공후지하안전조사,31.02,진행중,750
E00130000035,"용인 반도체 클러스터 일반산업단지 용수공급시설 (공업,생활용수) 착공후지하안전조사 용역",17.50,진행중,751
E00022000125,경기도 부천시 상동 531-6번지 오피스텔 신축공사,25.70,진행중,752
E00022000126,성수동 지식산업센터 신축공사,23.15,진행중,753
E10132000016,상봉역 역세권 청년주택 신축공사 착공후지하안전조사,26.36,진행중,754
E00038000133,동북선 도시철도 착공후지하안전조사,56.10,진행중,755
E00167000012,사천 빗물펌프장 유입관로 신설공사 착공후 지하안전조사 용역,15.27,진행중,756
E10073000004,광양바이오매스발전소 착공 후 지하안전조사 용역,24.01,진행중,757
E10138000007,하남시 미사지구(중상15 C1-1)오피스텔 신축공사,28.84,진행중,758
E00027000060,수색·DMC역 특별계획구역10 주거복합 신축공사,23.66,진행중,759
E00063000116,삼성동 158-1 복합시설 신축공사 착공후지하안전조사용역,33.66,진행중,760
E00080000092,원주시 반곡동 1507-1번지 일원 공동주택 신축공사,22.83,진행중,761
E00102000197,성빈센트 드 뽈 자비의 수녀회 업무시설 신축공사,25.07,진행중,762
E00042000065,과천지식정보타운 11-3BL 신축공사 착공후지하안전조사,28.64,진행중,763
E00022000128,성수동 280-11 지식산업센터 신축공사,22.01,진행중,764
E00017000108,노량진동 19-6외 6필지 역세권 청년주택 신축공사 착공후지하안전조사,34.11,진행중,765
E00139000054,신청주분기 전력구공사 착공후 지하안전영향평가 월간보고서 작성용역,66.00,진행중,766
E00062000058,영등포구 여의도동 14-23 오피스텔 신축공사 착공후지하안전조사,32.56,진행중,767
E00223000024,서울 노원지역 전기공급시설 전력구공사(금오-상계-노원) 착공후지하안전조사용역,49.67,진행중,768
E00062000059,종전부동산 고색2지구 도시계획시설사업 지구외 우수관로 공사 착공후지하안전조사서,6.69,진행중,769
E10131000010,7호선 고속터미널역 승강편의시설 설치공사(57공구)착공후지하안전조사 용역,28.00,진행중,770
E10128000034,"신사동 514-18,19,20번지 신축공사 지하안전평가 용역 / 신사동 514-23번지 신축공사",33.84,진행중,771
E10122000007,대륭포스트타워9차 착공후 지하안전조사 용역,24.06,진행중,772
E00190000099,"부산 강서지역 전기공급시설 전력구공사(에코-순아, 신강서- 에코)",60.28,진행중,773
E00047000171,의정부 금오동 터미널부지내 공동주택 신축공사,21.21,진행중,774
E00134000151,신안 압해-해남 화원 도로건설공사(1공구) 착공 후 지하안전조사,68.92,진행중,775
E00190000100,부산 강서지역 전기공급시설 전력구공사 착공후지하안전조사(신강서분기),97.32,진행중,776
E00131000091,인천 서구 원당동 810-10번지 외 공동주택 신축공사,25.67,진행중,777
E00056000029,"양주지역 전기공급시설 전력구 공사(회천분기, 회천S/S배전인출) 사후지하안전영향조사용역",30.27,진행중,778
E00044000057,을지로3가 제12지구 도시환경정비사업 착공후 지하안전조사,36.86,진행중,779
E00102000201,울산지중배관 2단계 설치공사(3공구) 착공 후 지하안전조사,9.10,진행중,780
E00102000202,"강남구 신사동561-37,38복합시설 신축공사 중 착공후지하안전조사 용역",25.74,진행중,781
E10114000007,정자동 23-2번지 업무시설 신축공사,25.41,진행중,782
E00188000018,신풍역 연결통로 설계 및 지하안전평가 용역,12.80,진행중,783
E00200000057,동탄~고덕 연계 열수송관공사(경부고속도로 구간) 착공후지하안전조사 용역,8.75,진행중,784
E00066000205,마곡 D18-B 지식산업센터 신축공사,21.01,진행중,785
E10092000022,홍익동 청년주택 오피스텔 신축공사 착공후지하안전조사,24.01,진행중,786
E00017000109,성수동 1가 27-4 에프콧 성수 복합시설 신축공사 착공후지하안전조사 용역,32.65,진행중,787
E10076000011,회야계통 송수관로 복선화사업(상개삼거리~명촌교 북단) 착공 후 지하안전조사 용역,7.20,진행중,788
E00169000007,서울 성동구 성수동2가 269-62번지 지식산업센터 신축공사 착공후지하안전조사,25.28,진행중,789
E00047000173,강동구 길동 415-9번지 복합개발사업,27.94,진행중,790
E10120000019,남양주진접2 공공주택지구 우수암거 비개착공사 착공후지하안전조사용역,4.47,진행중,791
E00024000041,도선동 청년안심주택 신축공사,31.75,진행중,792
E00134000154,광주광역시 중앙근린공원(2지구) 개발행위 특례사업(비공원시설) 공동주택 신축공사 착공후지하안전조사,29.92,진행중,793
E10085000032,월곡 복합체육센터 신축공사,20.07,진행중,794
E00165000022,P5 Ph1 정수장 착공후지하안전조사 용역,27.00,진행중,795
E00165000023,P5 Ph1 방류공동구 착공후지하안전조사용역,13.75,진행중,796
E00084000039,청주 북이산업단지 조성사업 착공후지하안전영향조사 용역,9.13,진행중,797
E00022000133,서울시 강남구 역삼동 831-48일원 업무시설 신축공사,29.10,진행중,798
E00066000210,검단신도시 101 역세권 개발사업 C9-1 블록,39.22,진행중,799
E00066000211,검단신도시 101 역세권 개발사업 C9-2 블록,39.41,진행중,800
E00066000212,인천청라 국제금융단지 B5-1-2블록 업무시설 신축공사,24.96,진행중,801
E10132000020,여의도동 15-11번지 오피스텔 신축공사,29.60,진행중,802
E00060000089,이천시 안흥동 3BL 주상복합 신축공사,26.43,진행중,803
E00030000054,박달 하이테크 지산센터 신축공사 중 착공후 지하안전조사 용역,22.76,진행중,804
E00243000107,"서울특별시 중구 오장동 90-5, 90-18번지 착공후지하안전조사",24.40,진행중,805
E00062000061,삼정지구 배수개선사업 ,7.50,진행중,806
E00218000067,에코델타시티(EDC) 평강천 횡단 추진공사,13.80,진행중,807
E10144000001,구미 천연가스발전소 가스공급설비 착공후 지하안전조사서,40.86,진행중,808
E00062000063,이태원 복합시설 개발사업(126-2번지 외2필지),33.61,진행중,809
E00017000110,금천구 시흥동 103-3번지 역세권 청년주택 신축공사 착공후지하안전조사 용역,23.46,진행중,810
E10056000029,서울특별시 용산구 서빙고동 4-11번지 외 12필지 공동주택 신축공사,22.91,진행중,811
E10013000022,성수동2가 279번지 업무시설 신축공사 착공후 지하안전조사 용역,27.41,진행중,812
E00126000082,영등포구 여의도동 25-11 복합시설 신축공사,36.69,진행중,813
E10159000005,노량진 청년주택 신축공사 착공후지하안전조,22.06,진행중,814
E00218000070,울산 남구 신정동 주상복합 신축공사,27.45,진행중,815
E10112000010,침산산격지구 풍수해생활권 정비사업 착공후 지하안전조사용역,14.07,진행중,816
E00190000101,중랑구 상봉동 116-49번지 일원 2030 청년주택 신축공사,24.06,진행중,817
E00127000024,여의도 오피스텔(임대주택)개발사업 착공후지하안전조사,30.11,진행중,818
E00134000158,황금동 851-13 주거복합 신축공사 착공후지하안전조사,23.80,진행중,819
E00243000108,여주시 산북면 상품리 413-9 물류센터 신축공사,43.81,진행중,820
E00036000049,청라국제도시 C18블록 복합시설 신축공사 착공후 지하안전조사,26.82,진행중,821
E00078000009,착공후지하안전영향조사 용역(KT광화문 WEST빌딩 지하연결통로 설치공사),12.33,진행중,822
E00060000091,춘천시 약사동 주상복합 신축공사,32.13,진행중,823
E00247000062,성수동2가 278-3번지 외 2필지 업무시설 신축공사,28.03,진행중,824
E00042000069,방배동 역세권 청년주택 신축공사 착공후지하안전조사,28.24,진행중,825
E00022000138,부산광역시 동구 범일동 주거복합 신축공사,24.15,진행중,826
E00133000112,구로동 188-5 업무시설 신축공사,34.81,진행중,827
E10182000002,제주시 연동 261-37번지 외 5필지 주상복합 신축공사 착공후지하안전조사,20.86,진행중,828
E00143000058,삼성동 58-1번지 신축공사,22.27,진행중,829
E00141000047,5호선까치산역승강편의시설설치공사(64공구-토목),32.85,진행중,830
E00141000048,서초동 1310-15번지 업무시설 및 근린생활시설 개발사업 착공후 지하안전조사 용역,25.39,진행중,831
E00133000114,광교C6블럭 주상복합 개발계획 지하연결통로,23.19,진행중,832
E00130000042,평택~오송 2복선화 건설공사 착공후지하안전조사용역,110.96,진행중,833
E00044000063,KB국민은행 개포동 업무시설 신축공사 착공후지하안전조사,33.82,진행중,834
E10176000001,아산-탕정지역 전기공급시설 전력구공사(신탕정-탕정#3),18.61,진행중,835
E00063000124,청담동 62-37 근린생활시설 신축공사 착공후지하안전조사용역,33.90,진행중,836
E00084000040,음성지역 전기공급시설 전력구공사(금왕-성본) 사후 지하안전영향조사 용역,14.87,진행중,837
E00055000149,춘천~속초 철도건설 제1공구(T/K) 착공후지하안전조사용역(제1차),51.93,진행중,838
E00068000011,광양-여수T/P 지중화 전력구공사 사후지하안전영향조사용역,14.36,진행중,839
E00134000164,포항시 상생근린공원 민간공원조성 특례사업 공동주택 신축공사(1블럭) 착공후지하안전조사,25.81,진행중,840
E00134000165,포항시 상생근린공원 민간공원조성 특례사업 공동주택 신축공사(2블럭) 착공후지하안전조사,28.66,진행중,841
E00096000064,한국건강관리협회 인천지부 신청사 건립 설계용역,25.47,진행중,842
E00134000166,아산 탕정지구 A-3BL 공동주택 신축공사 착공후지하안전조사,23.04,진행중,843
E00134000167,송도 국제업무지구 B2BL 주상복합 신축공사 중 사후 지하안전영향조사,25.28,진행중,844
E10056000030,서울 용산구 갈월동 98-11 한국일보 용산사옥 신축공사 착공후지하안전조사,43.54,진행중,845
E10174000004,중앙공원(1지구-1BL) 비공원시설 공동주택 신축공사,28.66,진행중,846
E10097000071,평택호 횡단도로 건설공사(1-1공구) 착공후 지하안전조사 용역,10.23,진행중,847
E00247000064,청담동 79-14 근린생활시설 신축공사,25.82,진행중,848
E00102000210,제주시 연동 274-12외4필지 주거복합 신축공사 착공후지하안전조사,25.01,진행중,849
E00038000134,대구 동문동 임대주택 1단지 착공후지하안전조사,24.78,진행중,850
E00023000109,남서울교회 교육관 신축공사,25.25,진행중,851
E00063000126,연신내구역 도시정비형 재개발사업 착공후지하안전조사용역,38.55,진행중,852
E00060000095,성내5 재정비촉진지구 복합개발계획 공영주차장 연결통로(비개착),10.30,진행중,853
E10128000041,서울시 강남구 삼성동 90-25번지 일원 공동주택 신축공사,28.60,진행중,854
E10051000022,평택기지~오산 제1공구 천연가스 공급시설 건설공사 착공후 지하안전조사 용역(남양호구간),25.00,진행중,855
E10051000023,평택기지~오산 제1공구 천연가스 공급시설 건설공사 착공후 지하안전조사 용역(발안천구간),16.00,진행중,856
E00163000044,대전 하수처리장 시설현대화 민간투자사업 착공후지하안전조사 용역,39.81,진행중,857
E00176000031,익산시 중앙동 주상복합 착공후지하안전조사 용역,25.36,진행중,858
E00080000098,"서초구 서초동 1676-4,5번지 신축공사",27.32,진행중,859
E10143000006,울산시 야음동 830-1번지 일원 복합건물 신축공사 착공후지하안전조사서,24.91,진행중,860
E10143000007,울산시 야음동 829-20번지 일원 복합건물 신축공사 착공후지하안전조사서,27.51,진행중,861
E10104000042,지방도 358호선(김포~관산간) 파주구간 개설사업 착공후지하안전조사,28.30,진행중,862
E00164000059,ITS 세계총회 대회의장 신축공사 전 부지정지 계획 착공 후 지하안전조사 용역,27.00,진행중,863
E00106000065,"세종지사 5,6생활권 열수송관공사 착공후(사후)지하안전조사(미호강)",17.75,진행중,864
E00062000069,경남 김해시 삼계동 공동주택 신축공사 착공후지하안전조사,32.36,진행중,865
E10112000011,제5기지 송출배관 3공구(평택LT~오산) 건설공사 중 황구지천 세미쉴드 구간 착공후 지하안전조사,19.60,진행중,866
E10013000024,"강릉~제진 철도건설 제1,2,4,9공구(TK) 착공후지하안전조사용역",72.36,진행중,867
E00133000120,서울시 구로구 구로동 646-6번지 외 3필지 지식산업센터 신축공사,25.43,진행중,868
E00126000089,잠실종합운동장 주경기장 리모델링사업,21.46,진행중,869
E00036000050,중구 순화동 공동주택 신축공사 사후 지하안전영향평가 용역,34.02,진행중,870
E00062000070,송파구 잠실동 184-11 업무시설 신축공사 착공후지하안전조사,24.21,진행중,871
E10115000025,수원시 우만동 436번지 일원 주상복합 신축공사,25.51,진행중,872
E10191000001,시흥시 월곶동 오피스텔 신축공사 착공후지하안전조사,36.01,진행중,873
E00127000027,여의도 오피스텔(임대주택)개발사업 착공후지하안전조사,29.46,진행중,874
E10110000008,동탄~고덕 연계 열수송관공사 사후지하안전영향조사용역,13.30,진행중,875
E00047000185,인천검단 AA22BL 공동주택 신축공사,27.85,진행중,876
E00130000044,평택~오송 2복선화 건설공사 착공후지하안전조사용역(3공구),86.31,진행중,877
E00139000058,김해-강서 전기공급시설 전력구공사(대저-어방 1차) 착공후 지하안전조사용역,99.49,진행중,878
E00080000099,"성동구 도선동 114, 115번지 신축공사",20.89,진행중,879
E00080000100,"성동구 도선동 116, 117번지 신축공사",20.89,진행중,880
E00130000045,평택~오송 2복선화 건설공사 착공후지하안전조사용역(4공구),90.74,진행중,881
E00130000046,평택~오송 2복선화 건설공사 착공후지하안전조사용역(5공구),208.00,진행중,882
E00116000080,이천시 안흥동 279-1 주상복합 신축공사,24.70,진행중,883
E00057000072,동작구 상도동 장승배기 공공임대 아파트 신축공사,29.40,진행중,884
E00243000113,원동 다박골 주택재개발정비사업 착공후지하안전조사,23.65,진행중,885
E10174000005,중앙근린공원(1지구) 비공원시설 2-1BL 신축공사,24.28,진행중,886
E00024000046,여수 신기주공 지역주택조합아파트 신축공사,34.56,진행중,887
E00044000065,의왕백운밸리 복합시설 신축관련 통학 안전지하보도 설치공사,16.11,진행중,888
E00047000189,김해시 불암동 공동주택 신축공사,37.98,진행중,889
E00063000133,고양장항 공공주택지구 M-1블럭 주상복합신축공사 착공후지하안전조사 용역,25.86,진행중,890
E00099000053,제주시 연동 274-25일대 주상복합 신축공사 착공후 지하안전조사 용역,20.20,진행중,891
E00063000134,차움2 착공후지하안전조사 등 용역계약서,37.08,진행중,892
E00010000085,강남중앙침례교회 신축공사 착공후 지하안전조사 용역,36.00,진행중,893
E00027000073,마곡동 799번지 업무근린복합시설 신축공사 착공후 지하안전조사,31.20,진행중,894
E00060000101,광주광역시 송암민간공원 조성사업 중 비공원시설 공동주택부지,21.61,진행중,895
E00066000221,판교 641 프로젝트,36.47,진행중,896
E00163000045,계양신도시 열수송관공사(1단계-1공구) 착공후지하안전조사 용역,11.88,진행중,897
E00218000073,재송2구역 재건축정비사업 신축공사,33.51,진행중,898
E10147000006,평택기지~안산 천연가스 공급시설 건설공사 착공 후 지하안전조사 용역,31.80,진행중,899
E00055000153,강원지역 전기공급시설 전력구공사(동강지중화),88.23,진행중,900
E00190000111,"울산지역전기공급시설 전력구공사 (울산 삼호동, 태화동 지중화)",68.00,진행중,901
E00190000112,천안시 성정동 공공공민간임대주택 신축공사,25.43,진행중,902
E10056000033,장흥-보성 천연가스 공급시설 건설공사 [평화천+철도횡단 구간],13.00,진행중,903
E00134000177,광주 봉산공원 민간공원 조성사업 중 사후지하안전영향조사,38.43,진행중,904
E10191000003,내손다지구 터널공사,29.71,진행중,905
E00117000023,평택동부고속화도로 민간투자사업 건설공사 착공후 지하안전조사,10.97,진행중,906
E00022000145,성수동 K-PROJECT 복합시설 신축공사,37.21,진행중,907
E10069000002,국도 39호선 읍내리지내 교차로 설치공사 착공후지하안전조사,9.17,진행중,908
E00102000214,성수동2가(255-3외 3필지) 착공후 지하안전조사,36.86,진행중,909
E00133000122,청담동 54번지외 3필지 근린생활시설 신축공사,28.70,진행중,910
E00055000155,인천지역 전기공급시설 전력구공사(아암분기) 착공 후 지하안전조사용역,72.99,진행중,911
E10132000022,서초동 1554-2 외 6필지 00빌딩 신축공사,42.18,진행중,912
E00062000071,가평지역 전기공급시설 전력구공사(신가평 인출3차),35.35,진행중,913
E00117000024,동부간선도로(창동-상계간)지하차도 건설 구간내 지장 송전선로 이설공사 착공후 지하안전조사 ,26.52,진행중,914
E10097000074,고덕산단 2차 용수공급시설공사 착공후지하안전조사 용역,16.20,진행중,915
E10083000035,동래 사적공원 공동주택 신축공사 착공후지하안전조사,53.20,진행중,916
E00047000194,효제동 업무시설 신축공사,35.36,진행중,917
E00035000091,천안 제5일반산업단지 폐기물처리시설 조성사업 착공후지하안전조사 용역,49.80,진행중,918
E00178000015,서울시 강남구 논현동 91-7번지 신축공사 착공후지하안전조사,25.81,진행중,919
E00013000038,서울시 강남구 역삼동 735-34번지 업무시설 신축공사,25.86,진행중,920
E00022000147,과천지식정보타운 지식기반산업용지 9BL(과천 지타운) 신축공사,29.29,진행중,921
E00223000031,풍성로 강관압입공사 착공후지하안전조사,5.19,진행중,922
E10131000020,김포지역 전기공급시설 전력구공사(통진~월곶1차) 착공 후 지하안전조사용역,54.49,진행중,923
E00190000116,강서구 화곡동 1064번지 오피스텔 개발사업 지하연결통로,6.34,진행중,924
E00150000050,휴먼파크장전 지역주택조합 신축공사 착공후지하안전조사,25.05,진행중,925
E00150000051,울산 남구 신정동 638-1번지 주상복합 착공후지하안전조사,24.31,진행중,926
E00009000041,광주 도시철도 2호선 2단계 건설공사 착공후 지하안전조사 용역,29.96,진행중,927
E00200000061,여주-원주 복선전철 착공후지하안전조사용역,64.00,진행중,928
E00200000062,당진기지~부곡 천연가스 공급시설 건설공사 착공후 지하안전조사 용역,17.40,진행중,929
E00200000063,인천신항(1단계)공급인입시설 지하안전영향평가 착공후지하안전조사 용역,18.03,진행중,930
E10147000007,평택기지~안산 천연가스 공급시설 건설공사(자안천 세미쉴드구간),19.60,진행중,931
E00095000046,신시흥-신송도 전력구공사 착공 후 지하안전조사용역,96.70,진행중,932
E00095000047,신시흥~신송도 전력구공사 착공후지하안전조사용역,78.51,진행중,933
E00188000022,청라 봉오대로 횡단부 착공후지하안전조사 용역,9.50,진행중,934
E00188000023,수도권광역급행철도 B노선(용산~상봉) 제4공구 건설공사 착공후지하안전조사용역,32.85,진행중,935
E00188000024,수도권광역급행철도 B노선(용산~상봉) 제4공구 건설공사 착공후지하안전조사용역,74.05,진행중,936
E10055000013,상하동 운동시설(상하동 228-5번지) 신축공사 착공후지하안전조사,27.81,진행중,937
E00130000051,인덕원~동탄 제2~8 및 10~12공구 사후지하안전영향조사용역(2공구),37.86,진행중,938
E00130000052,인덕원~동탄 제2~8 및 10~12공구 사후지하안전영향조사용역(3공구),34.74,진행중,939
E00130000053,인덕원~동탄 제2~8 및 10~12공구 사후지하안전영향조사용역(4공구),35.19,진행중,940
E00130000054,인덕원~동탄 제2~8 및 10~12공구 사후지하안전영향조사용역(5공구),40.00,진행중,941
E00130000055,인덕원~동탄 제2~8 및 10~12공구 사후지하안전영향조사용역(7공구),41.87,진행중,942
E00130000056,인덕원~동탄 제2~8 및 10~12공구 사후지하안전영향조사용역(8공구),43.46,진행중,943
E00130000057,인덕원~동탄 제2~8 및 10~12공구 사후지하안전영향조사용역(10공구),51.97,진행중,944
E00130000058,인덕원~동탄 제2~8 및 10~12공구 사후지하안전영향조사용역(11공구),33.26,진행중,945
E00130000059,인덕원~동탄 제2~8 및 10~12공구 사후지하안전영향조사용역(12공구),37.00,진행중,946
E00130000060,"월곶~판교 복선전철 제2~5,7,9,10공구 착공후지하안전조사 용역(2~4공구)",49.30,진행중,947
E00130000061,"	월곶~판교 복선전철 제2~5,7,9,10공구 착공후지하안전조사 용역(5,7공구)",30.00,진행중,948
E00130000062,"	월곶~판교 복선전철 제2~5,7,9,10공구 착공후지하안전조사 용역(9,10공구)",61.97,진행중,949
E00098000084,조선대학교병원  호남권  감염병전문병원  구축공사 착공후지하안전조사,26.39,진행중,950
E10013000027,종전부동산 망포지구 도시개발사업 지구 외 우수암거공사 착공후 지하안전조사 용역,5.93,진행중,951
E00023000115,역삼동 828-2 청년 임대주택 신축공사,35.75,진행중,952
E00163000048,대산임해산업지역 공업용수도(해수담수화)사업 착공후지하안전조사 용역,17.20,진행중,953
E00102000217,한화생명 대구사옥 신축공사 중 착공후지하안전조사,39.77,진행중,954
E10092000027,"인천 효성구역 도시개발사업 (공3블럭, 공4블럭) 착공후지하안전조사",21.58,진행중,955
E00122000038,성남시 생활폐기물처리시설 민간 투자사업 착공 후 지하안전조사 용역,28.06,진행중,956
E00243000115,서울시 강동구 둔촌동 489번지 역세권활성화 사업 신축공사,31.47,진행중,957
E10131000021,국회대로 지하차도 및 상부공원화(2단계) 건설공사 2공구 착공후지하안전조사 용역,15.60,진행중,958
E00130000063,인덕원~동탄 제2~8 및 10~12공구 사후지하안전영향조사용역(6공구),54.70,진행중,959
E00134000180,청담동 고급주택 신축공사 착공후지하안전조사,42.21,진행중,960
E00068000012,수도권(IV) 광역상수도(시화안산계통) 복선화사업 시설공사 착공후지하안전조사용역,12.07,진행중,961
E00134000181,여주시 양귀리 물류센터 신축공사 착공후지하안전조사,39.21,진행중,962
E00134000183,용인시 풍덕천동 복합시설 착공 후 지하안전조사,25.06,진행중,963
E10005000024,대연맨션 소규모재건축정비사업 착공후지하안전조사 용역,22.35,진행중,964
E10086000058,"인천송도지역 전기공급시설 전력구공사(신송도-북송도, 신송도-동송도) 착공후지하안전조사",30.80,진행중,965
E00063000142,CORNER 360 업무시설 신축공사 착공후지하안전조사 용역,28.93,진행중,966
E00063000143,이천시 부발읍 아미리 649-1 근린생활시설 신축공사,22.01,진행중,967
E00157000023,마포로3-1지구 주상복합아파트 신축공사,22.09,진행중,968
E00190000118,화성시 오산동 의료복합 건립사업,24.04,진행중,969
E10132000023,논현동 소천빌딩(논현동 242-30) 신축공사,33.76,진행중,970
E10112000012,제5기지 송출배관 3공구(평택LT~오산) 건설공사 중 1호선 철도횡단 세미쉴드 구간 착공후 지하안전조사,15.20,진행중,971
E00234000003,칠산분기 등 2개 전력구공사 착공후 지하안전평가 용역_신강서-세산,99.55,진행중,972
E00234000004,칠산분기 등 2개 전력구공사 착공후 지하안전평가 용역_칠산분기,57.65,진행중,973
E00056000034,광명-시흥지역 전기공급시설 전력구공사(신목감분기 1단계)착공후지하안전조사용역,44.31,진행중,974
E00164000063,성원애드피아 하남 신사옥 신축공사 착공후 지하안전조사 용역,32.85,진행중,975
E00056000036,군포지역 전기공급시설 전련구공사(서서울-신광명) 착공후지하안전조사,20.90,진행중,976
E10188000002,강남구 논현동 62-8 업무시설 건립공사,25.43,진행중,977
E00239000027,서울시 강동구 성내동 382-6번지 청년안심주택 신축공사,25.16,진행중,978
E00193000013,평택지역 전기공급시설 전력구공사(북현덕분기 2차)사후지하안전영향조사용역,47.90,진행중,979
E00063000146,성수동2가 273-12번지 외 1필지 업무시설 신축공사 착공후지하안전조사용역,32.24,진행중,980
E00063000147,천안시 서북구 성정동 주상복합 신축공사 착공후지하안전조사용역,26.66,진행중,981
E00063000148,서울시 강남구 역삼동 735-34번지 업무시설 신축공사 착공후지하안전조사용역,25.86,진행중,982
E00130000067,신분당선 광교~호매실 건설사업 착공 후 지하안전조사용역,66.87,진행중,983
E00062000078,봉천동 근린생활시설 및 업무시설 신축공사,24.10,진행중,984
E10087000004,ARA연구로 건설사업 착공후지하안전조사 용역,43.49,진행중,985
E00025000034,동부간선도로 지하화 민간투자사업 착공후지하안전조사 용역,92.39,진행중,986
E00032000016,울산광역시 중구 학산동 주상복합 신축공사,26.04,진행중,987
E10191000007,송파구 삼전동 7-8 에스텍시스템 잠실 신사옥 신축공사,24.16,진행중,988
E00047000206,이문4재정비촉진구역 주택재개발 정비사업(지하차도),18.35,진행중,989
E00188000025,남양주왕숙 국도47호선 이설(지하화) 공사 착공후지하안전조사용역,50.80,진행중,990
E00063000152,양평동2가 5외 1필지 업무시설 신축공사 착공후지하안전조사용역,25.06,진행중,991
E00066000227,경기도 평택시 통복동 108-3번지 일원 주상복합 신축공사,26.30,진행중,992
E00022000150,수서역세권 공공주택지구 B1-4블럭 개발사업,34.82,진행중,993
E00027000080,청라 힐링웨이 프로젝트 신축공사 착공후 지하안전조사,25.15,진행중,994
E00239000030,서울시 서초구 양재동 1-26번지 역세권 청년안심주택 신축공사,33.46,진행중,995
E00239000031,서울시 동작구 상도동 188-19번지 외 11필지 청년안심주택 신축공사 ,31.71,진행중,996
E00184000034,부산 센텀 구)한진CY부지 복합시설 개발사업 착공후지하안전조사,26.20,진행중,997
E00126000094,서울역북부역세권 개발사업 착공후지하안전조사,34.61,진행중,998
E10148000006,충남지역 전기공급시설 전력구공사(당진화력-신송산 1차) 착공 후 지하안전영향조사 용역,71.50,진행중,999
E00055000161,동부간선도로 지하화(영동대로)건설공사 착공후지하안전조사 용역,86.83,진행중,1000
E10150000006,신가평-동서울 3차  착공후  지하안전조사용역,87.70,진행중,1001
E00032000017,고려아연(주) 온산제련소 폐기물처리시설 조성사업,36.82,진행중,1002
E00127000030,농협은행 경기영업본부 연결통로 신축공사 착공후 지하안전조사,14.80,진행중,1003
E00063000155,안양 글로벌 샘병원 건립공사 착공후지하안전조사용역,40.39,진행중,1004
E00063000156,코스콤 안양 데이터센터 신축공사 착공후지하안전조사용역,25.83,진행중,1005
E00027000081,마곡지구 산업시설용지 D39-2 아이센스 컨소시엄 R&D센터 신축공사,24.34,진행중,1006
E00163000050,2024년 부천지역 주수송관 취약지구 개선공사,8.20,진행중,1007
E00001000093,상봉9 재정비촉진구역 도시정비형 재개발사업,37.00,진행중,1008
E00004000041,경산시 상방공원 민간공원조성 특례사업 비공원시설 공동주택 A블럭 착공후 지하안전조사용역,32.35,진행중,1009
E00150000052,사상근린공원 민간공원조성공사 특례사업 착공후지하안전조사 용역,30.28,진행중,1010
E00200000065,여주-원주 복선전철 착공후지하안전조사용역(2공구),64.00,진행중,1011
E10203000001,대구 범어동 주거복합 신축공사 착공후지하안전조사,26.05,진행중,1012
E10086000059,강릉시 홍제동 영무예다음 어반포레 공동주택 신축공사 착공후지하안전조사,23.99,진행중,1013
E00098000089,대전 선화동 95-3번지 일원 주거복합 신축공사 착공후지하안전조사 용역,23.31,진행중,1014
E10056000034,보성~벌교 천연가스 공급설비 건설공사[평우천+철도횡단 구간],11.10,진행중,1015
E10099000020,폐기물매립시설 조성사업 착공후 지하안전조사 용역,45.00,진행중,1016
E00134000190,숭인지하차도 및 연결도로 건설공사 착공후지하안전조사 용역(2차),14.30,진행중,1017
E10099000021,금왕 테크노밸리 폐기물처리시설 조성사업 착공후지하안전조사용역,43.68,진행중,1018
E10047000067,강남구 청담동 100-19번지 신축공사 착공후지하안전조사서 작성용역,22.19,진행중,1019
E10139000002,종전부동산 이목지구 지하보도 착공후 지하안전 용역,10.12,진행중,1020
E00212000012,군포시 도시관로 복선화사업 착공후지하안전조사 용역,10.85,진행중,1021
E10120000028,착공 후 지하안전 조사용역(과천-동안양T/L 지중화 1차),68.33,진행중,1022
E00169000008,성수동2가 269-28 업무시설 신축공사 착공후지하안전조사,33.99,진행중,1023
E00127000031,노량진 역세권 청년주택 개발사업 착공후지하안전조사,35.63,진행중,1024
E00036000055,캄스퀘어 안산 데이터센터 착공후 지하안전조사 용역,26.36,진행중,1025
E00130000069,"강릉~제진 철도건설 제3,5,7,8공구 착공후지하안전조사용역",29.30,진행중,1026
E00102000218,신길동 1300 역세권 청년주택 신축공사,29.80,진행중,1027
E00102000219,은평뉴타운 진관동 복합시설 신축공사,29.17,진행중,1028
E00134000191,인천검단 신도시 AA28BL 공동주택 신축공사 착공후지하안전조사,24.47,진행중,1029
E00133000133,오산세교 자족시설용지 7BL 지식산업센터 신축공사,22.21,진행중,1030
E00188000027,중동 무지개고가 사거리 열수송관 횡단 착공후 지하안전조사 용역,9.90,진행중,1031
E00042000077,남양주 화도 금남5지구 물류센터 신축공사 착공후지하안전조사,43.03,진행중,1032
E00248000039,성수동2가 아차산로 13길(277-3번지) 업무시설 신축공사 착공후지하안전조사,33.77,진행중,1033
E00036000056,서울시 중구 황학동 공동주택 및 근린생활시설 신축공사 착공후 지하안전조사 용역,29.66,진행중,1034
E00047000211,합정 7구역 복합시설 신축공사,37.21,진행중,1035
E00127000032,구로 데이터센터 신축공사 착공후지하안전조사용역,35.45,진행중,1036
E00066000235,생각공장 영등포 개발사업,24.36,진행중,1037
E00102000221,서소문 제10지구 도시정비형 재개발사업,36.32,진행중,1038
E00100000012,고양 일산테크노밸리 조성공사 착공 후 지하안전조사,20.54,진행중,1039
E00100000013,수암천 하천정비 및 주차장·공원 조성사업 착공후 지하안전 조사,22.50,진행중,1040
E00227000010,자성로 하부 통학로 보행환경 개선사업 착공 후 지하안전조사 용역,5.86,진행중,1041
E00190000121,등촌동 등촌역 청년안심주택 신축공사,27.10,진행중,1042
E10126000004,구례읍 하수도정비 중점관리지역 정비사업 착공후지하안전조사 용역,6.85,진행중,1043
E00223000034,당진기지 건설공사 착공후지하안전조사 용역,21.30,진행중,1044
E00219000006,경기지역 전기공급시설 전력구공사(신가평-동서울1차) 착공후지하안전조사,58.19,진행중,1045
E00027000087,가양동 CJ공장부지 지구단위계획구역 1BL 개발계획,44.38,진행중,1046
E00042000078,울산 신정동 주상복합 신축공사,24.07,진행중,1047
E00176000034,가양동 CJ공장부지 지구단위계획구역 2BL 개발계획 착공후지하안전조사 용역,29.89,진행중,1048
E00035000095,서초동 1317-3외 1필지 신축공사 착공후지하안전조사 용역,25.70,진행중,1049
E00017000122,용인 영덕 신광교 지식산업센터 개발사업 착공후지하안전조사용역,37.51,진행중,1050
E10143000011,가양동 CJ공장부지 지구단위계획구역 3BL 개발계획,34.25,진행중,1051
E00102000225,"서소문 11,12지구 도시정비형 재개발사업",39.85,진행중,1052
E10013000030,옥정~포천 광역철도 건설사업 중 1공구,31.26,진행중,1053
E10000000011,문백SS배전인출 전력구공사(추진관압입) 착공후지하안전조사,9.48,진행중,1054
E10162000021,수표구역 도시정비형 재개발사업 중 착공후지하안전조사 용역,39.30,진행중,1055
E10140000003,J PROJECT 지하안전평가,32.35,진행중,1056
E00056000039,동작구 수방사 공동주택 건설공사 착공후지하안전조사,24.16,진행중,1057
E00023000123,"세운 3-2,3구역 착공후지하안전조사",39.90,진행중,1058
E00083000061,부산광역시 서구 암남동 2-21일원 미진 이지비아 공동주택 신축공사,25.10,진행중,1059
